beat,block,tract,knox_sum
912,5905001019,590500,2.95326660354
2413,208023005,20802,0.0
815,5702001037,570200,0.0
1915,314002002,31400,4.24617680505
1611,1001001002,100100,0.0
924,6103002020,610300,1.04888888889
1413,2211003016,221100,2.93066350406
2522,1910002003,191000,4.90641010014
823,6606004004,660600,3.01281268884
823,6606004005,660600,3.01281268884
823,6606004006,660600,3.01281268884
1022,8417001005,841700,2.97637365212
823,6606004001,660600,3.01281268884
821,5704001007,570400,0.913734939756
921,5807002007,580700,3.36761054584
921,5807002003,580700,4.22307914634
931,6113003008,611300,1.92614882019
131,8410001028,841000,3.71382513261
1011,2909001002,290900,5.21446194287
1432,8309001040,830900,1.86300463072
1112,2312003007,231200,4.04942956265
1011,2909001006,290900,6.25476268659
814,8352001020,835200,1.97884517638
831,6608004002,660800,2.79487822354
831,6608004000,660800,2.79487822354
831,6608004001,660800,1.8913009209
2222,7302021018,730202,2.58392965565
831,6608004007,660800,1.96663894052
1621,1204003000,120400,0.750000000002
1233,3106002000,310600,1.02000000002
1233,3106002009,310600,2.44086021506
2514,1903003014,190300,1.05012277914
1523,2519002005,251900,0.992774566475
1711,1301003002,130100,2.1026097863
1711,1301003003,130100,1.09210526317
2024,312004003,31200,0.936363636362
1212,2425002017,242500,5.0068280828
1211,2425002015,242500,3.8275393163
2433,302001018,30200,4.37872038348
411,8343006023,834300,3.80675360978
631,4403005011,440300,0.998989567972
631,4403004010,440300,1.84261263865
2411,203023008,20302,0.0
1121,8366001025,836600,0.745535714284
524,5305011040,530501,1.88412472652
513,4910004033,491000,8.31423255167
1614,7608033000,760803,0.0
1731,1510022019,151002,0.880915438316
1731,1510022014,151002,0.93738779174
1731,1510022016,151002,1.87477558348
1132,2610002010,261000,2.2604617007
2223,7305004000,730500,4.7706969859
2531,2504003003,250400,0.0
2514,1904021029,190402,0.0
2531,2504003007,250400,0.0
833,7002001007,700200,1.11195779601
833,7002001005,700200,2.18974223261
834,7004023025,700402,0.837126600284
1731,1612002011,161200,0.93738779174
833,7002001009,700200,1.11195779601
1813,717001002,71700,-0.555555555556
511,4905002035,490500,6.44856398886
422,4603024003,460302,3.90926487792
2535,2307003011,230700,6.1257580618
2233,4911003013,491100,6.16564415243
2525,2209021002,220902,2.03981623899
2525,2209021000,220902,0.976531942633
1731,1613004001,161300,1.84067997281
412,4503003010,450300,2.58158910286
726,6713001013,671300,2.09605110637
726,6713001012,671300,3.21858939957
1212,2423001010,242300,10.9073653162
726,6713001014,671300,3.10176756979
812,6406002006,640600,1.30510416666
411,8343001013,834300,13.2080956607
411,8343001010,834300,10.9089072774
422,4604001002,460400,7.03075462795
1633,1506001015,150600,6.98648908726
512,5002001005,500200,2.84666831702
1722,1602004023,160200,1.98654443891
1722,1602004022,160200,0.996365105007
1014,2922002008,292200,2.04649104746
512,4909022048,490902,9.91921320183
1013,3005001006,300500,2.10235206981
524,5302004039,530200,3.78186935996
1112,2312003002,231200,2.82657555263
1231,8329001009,832900,1.55718954248
2233,4912002008,491200,1.70930702599
324,4304003002,430400,4.36473378125
732,6813001003,681300,11.0695546088
732,6813001001,681300,12.4853939195
624,4401014005,440101,11.415079241
2433,303002003,30300,3.28151662193
732,6813001006,681300,10.6032863442
431,5102001018,510200,2.5615478064
831,6605002012,660500,3.00268243853
621,7108004013,710800,2.12075826263
431,5102001012,510200,1.96879264714
631,4401014008,440101,9.80873652801
2433,303002008,30300,3.18699471813
632,4406002010,440600,0.0
1821,803004005,80300,0.833333333333
1821,803004000,80300,0.833333333333
331,4301023002,430102,5.97669957864
1634,1508002003,150800,6.35507005327
1222,8378001007,837800,0.0
122,8391001013,839100,3.16935331825
723,6811004010,681100,11.7195720072
1915,321003004,32100,4.00998894783
1215,2434002012,243400,4.68618636312
915,8400001018,840000,1.67567567568
623,6912002021,691200,4.38011542202
1132,2607002005,260700,4.81517673235
2532,2507002011,250700,2.98247889725
1212,2425001018,242500,7.12834535217
1221,2429001000,242900,8.87870888313
423,4604004012,460400,0.940154530553
233,8363001002,836300,4.70750895259
1733,2101002009,210100,2.54353684697
1012,2925002019,292500,0.0
1023,2916001004,291600,4.74025233765
2212,7207001013,720700,0.0
412,4801001013,480100,0.0
1022,8415002023,841500,5.26736334369
631,4402011011,440201,9.8133378911
624,4402011013,440201,9.09502792225
831,6608003007,660800,2.00731438506
2011,402012007,40201,0.0
1011,2909004013,290900,3.1071822551
1011,2909004011,290900,3.1071822551
1931,707001002,70700,0.0
2032,404024003,40402,0.0
832,6609001007,660900,5.82785643009
831,6608003009,660800,1.96663894052
1612,1003006010,100300,0.0
815,5705002024,570500,4.59587748732
922,8428004006,842800,0.974185917057
1934,632006000,63200,3.04617956021
623,6913002018,691300,0.961538461538
312,4208001015,420800,8.00729018657
733,6811003012,681100,10.8284581762
322,6905001017,690500,3.63618911281
1813,8326001006,832600,0.0
1813,8326001003,832600,2.03125
1813,8326001001,832600,2.03125
1733,1607002011,160700,1.70328223165
522,5302002001,530200,0.980661956113
1111,8421006006,842100,3.2595651312
323,6910004003,691000,3.85406816153
2411,202004017,20200,0.0
624,4401011005,440101,10.2922081304
2525,2004023006,200402,2.0017639126
214,8364003011,836400,4.40228784496
522,5302002004,530200,1.06668277362
132,3301004055,330100,6.5357764557
613,7110003002,711000,3.00245795366
123,8390002000,839000,0.941000000001
611,7105002003,710500,3.9605888566
523,5305032060,530503,2.11679817642
532,5306001015,530600,1.00354609926
1215,2433002003,243300,3.65915336922
2232,7305003008,730500,2.11164033151
2521,1902003002,190200,1.03099123235
232,8345001022,834500,4.97726613185
814,8352001011,835200,1.05924855491
2232,7305003003,730500,2.11164033151
524,5303001007,530300,0.986792893875
823,6606004011,660600,3.13024599016
823,6606004010,660600,3.13024599016
524,5303001003,530300,3.10850333856
1413,2211003007,221100,2.94112785292
1413,2211003006,221100,2.94112785292
921,5807002011,580700,5.27168002999
321,8344003009,834400,6.23164382796
921,5807002015,580700,5.24909070704
2023,307031002,30703,0.0
1022,8416001013,841600,4.23665563532
2514,1907011006,190701,0.0
1732,1608005008,160800,1.20156888595
1022,8416001016,841600,4.97943025267
1022,8416001015,841600,4.97943025267
224,3818001004,381800,0.0
1232,8331001016,833100,5.58237327189
824,8351001034,835100,0.0
1623,1204003016,120400,1.93526785714
715,6704001026,670400,1.10664062499
1432,8309001038,830900,1.85744770642
512,4909023012,490902,11.48170288
512,4909023016,490902,9.32190913672
512,4909023015,490902,9.01945214068
512,4909023019,490902,9.24855249433
1822,8422001003,842200,1.42857142857
2413,207023005,20702,0.965786094294
1822,8422001006,842200,2.33333333334
1631,1704003003,170400,0.0
235,4111002000,411100,1.00872600349
1731,1613003015,161300,1.85866604583
2234,7501002014,750100,3.0022348421
1212,2425002000,242500,6.08140744555
734,8349001009,834900,7.53036325964
1115,2606001010,260600,5.98949579832
1115,2606001011,260600,4.11151960784
323,6909004011,690900,1.90830100161
914,8411002010,841100,4.95949447432
1121,8366001031,836600,1.73435491645
611,7104005008,710400,4.21967685706
1613,1007002012,100700,1.8628909023
1132,2610002008,261000,2.6097457839
512,4910004000,491000,8.78425450049
512,4910004002,491000,6.72228790691
1132,2610002005,261000,2.52829959038
1232,8331001001,833100,3.12527364226
2223,7305004031,730500,4.46893613312
2513,2505003020,250500,1.0795090715
522,5302001018,530200,1.7372644345
522,5302001017,530200,0.916751613995
1023,8407003008,840700,2.96906163643
815,6202002013,620200,3.60561973247
1225,2828001014,282800,0.0
432,5201001041,520100,1.578125
1924,615001004,61500,2.95365134107
432,5201001042,520100,2.86091188523
513,4909012023,490901,4.98197916031
1613,1007002005,100700,1.98655411462
321,8344002018,834400,5.15402641496
321,8344002016,834400,6.99575041382
624,4402014002,440201,5.05172109192
1424,2413001008,241300,5.76557573249
824,6308003003,630800,0.970218960388
824,6308003001,630800,0.0
2535,2307003003,230700,2.10036539368
213,8359003001,835900,5.11998703177
432,5203002002,520300,0.0
432,5203002001,520300,0.0
511,4906001067,490600,2.98998412876
511,4906001068,490600,2.89653187249
1212,2423001021,242300,10.7994844258
1634,1508003004,150800,3.86244329669
2033,311003008,31100,0.0
411,8343001009,834300,13.4621735125
2511,1904012001,190401,0.0
812,6406002019,640600,1.28166666667
234,4109001000,410900,0.0
512,5002001016,500200,5.8172248825
1411,2107003023,210700,0.0
114,3201002032,320100,1.88181818181
513,4909022055,490902,11.1367766449
513,4909022051,490902,10.8704001595
1624,1504023003,150402,2.8814760867
813,6502003014,650200,2.08516805627
813,6502003012,650200,1.02266805627
1923,610001013,61000,5.58032495697
524,5302004007,530200,3.3807663556
834,7002002007,700200,0.0
1813,718002001,71800,0.825123152709
1923,612001016,61200,2.26189152704
1014,2922003006,292200,1.98700467118
1014,2922003007,292200,0.991570881228
835,7005022030,700502,0.0
212,3602001000,360200,1.82239709444
1922,625001010,62500,1.09550793324
212,3602001007,360200,3.54795644695
231,4003001007,400300,0.972759226711
2213,7203003012,720300,4.40739614995
1511,2513002000,251300,0.946004319657
923,6304001009,630400,1.05096566523
1214,2435001005,243500,2.89774132794
1613,1006001032,100600,1.93394383666
2213,7202002012,720200,0.0
1932,706002017,70600,0.0
633,4409001010,440900,2.09552236177
2521,2002003001,200200,4.55572624907
1814,715001000,71500,0.0
1912,501002025,50100,2.20915079338
1221,2429001015,242900,10.1223581332
1421,2225001016,222500,4.19224463933
1531,2511001006,251100,0.669999999998
1623,1503007017,150300,3.43912784479
523,5305032027,530503,0.985386666662
1131,8314001000,831400,2.25613009851
2522,2004012011,200401,1.00350203344
2532,2507004009,250700,2.14649621213
821,5704002002,570400,1.82746987951
1234,8412003006,841200,1.06785317019
1922,507001019,50700,2.00132558625
1234,8412003001,841200,1.34058044292
833,6408002001,640800,2.08500034887
2222,7302022003,730202,2.07862589479
421,4313011010,431301,6.39666422385
2222,7302022007,730202,3.87115303986
2222,7302022004,730202,0.9088888889
1924,622001013,62200,2.62023767863
312,4208001003,420800,7.53167054048
1213,8423002013,842300,3.78201673922
712,6806001013,680600,3.54342079715
824,8351004012,835100,1.12555910544
1831,818002052,81800,5.40719547258
733,6811003005,681100,9.54632263989
733,6811003004,681100,11.3415474165
935,8356002024,835600,0.0
2431,106001004,10600,1.03076923077
1621,1204002001,120400,3.38888888886
713,6702001010,670200,2.81390102432
833,6503012007,650301,2.37074456556
1134,2712001033,271200,2.0221238938
2431,106001009,10600,1.13173652694
2212,7502003002,750200,1.98393855918
1733,1607003006,160700,0.863047808765
1912,501001004,50100,1.86884166718
724,8349002007,834900,5.80473204946
611,7104002009,710400,7.04154797875
1935,702001004,70200,2.95787734872
414,4605005005,460500,1.94505456821
1132,2608002012,260800,1.91019890605
613,7110002017,711000,3.01700081151
1935,703001016,70300,1.07653457654
624,6915003001,691500,4.06776925747
1413,2210001015,221000,2.92624968322
1413,2210001014,221000,4.95792899664
715,6705001011,670500,2.36486486478
524,5303001018,530300,2.05648986357
1221,2430002007,243000,5.19242569771
733,6814002011,681400,12.3952535549
1031,3018031009,301803,2.45654832769
1811,8326002004,832600,0.832698170728
1623,1204003024,120400,1.93526785714
1024,3008002015,300800,1.99635228852
715,6704001031,670400,1.10664062499
715,6704001033,670400,0.977777777778
512,4909023004,490902,8.37206899999
1111,8421005024,842100,1.05450767263
2521,2001003015,200100,1.0241265998
1522,2519002020,251900,1.91775853741
433,5501005008,550100,0.0
2011,208011001,20801,1.0392568175
1722,1602003006,160200,0.0
2523,2001003018,200100,1.0664952241
1711,1301003021,130100,0.0
931,6114002001,611400,1.93697048789
1912,319002000,31900,0.920195170368
215,8358001009,835800,1.07525655644
1532,2516001011,251600,0.0
1912,319002005,31900,1.08753126116
324,4304001009,430400,5.00107308594
1623,1105013026,110501,1.143847487
2212,7502004004,750200,0.0
1531,2510001011,251000,0.935643564361
612,7102004005,710200,2.88478386054
232,4005002002,400500,0.976934360102
232,4005002005,400500,1.94381755017
1033,3011001000,301100,3.4663043479
1024,3007003007,300700,1.98921417565
1414,2212002017,221200,3.09153626444
1422,2309002007,230900,3.19249137074
1021,8415002017,841500,3.9856740598
2223,7305004024,730500,3.64419719347
2223,7301001008,730100,0.0
333,4306001003,430600,11.4336440106
1832,817001010,81700,1.44021739128
1832,817001013,81700,1.0652173913
131,3301001003,330100,1.74681206578
132,3301001000,330100,1.47200059102
131,3301001007,330100,0.695067264579
1225,2828001007,282800,0.0
1225,2828001008,282800,0.0
1622,1504012016,150401,2.77803954398
321,8344002003,834400,4.03949847095
311,4008001004,400800,6.23366905851
311,4008001007,400800,6.11193364625
311,4008001006,400800,5.51737794763
314,8344002005,834400,4.53768271875
1221,2431001004,243100,11.4247437915
422,4603024026,460302,2.95257102312
432,5203002019,520300,2.35669337089
1724,1408003005,140800,0.941309255077
2411,204002006,20400,0.0
1524,2512003004,251200,0.46794871794
2412,206022012,20602,0.0
713,6702001029,670200,4.11533906433
513,4910004017,491000,3.96105719894
2532,2503003015,250300,1.34831753736
313,4206002007,420600,8.78062074335
313,4206002003,420600,9.85881391781
2533,8313001014,831300,0.0
1724,1606012008,160601,0.941309255077
815,5705001021,570500,4.40237670736
2533,2305002004,230500,0.922395987016
1031,8305002010,830500,0.980394280772
1012,2925003010,292500,0.972016460905
233,8363001005,836300,2.72503071591
522,5302005018,530200,4.03382502497
524,5302004013,530200,0.604460093904
823,6604002009,660400,4.02429591261
1422,2308001010,230800,2.80636761965
1131,2610001019,261000,3.96770212368
834,7003023015,700302,0.0
1033,8407002004,840700,2.3852691218
1622,1504013012,150401,4.83212784007
922,8428005003,842800,3.75654791423
922,8428005001,842800,3.90870183516
1112,2315006008,231500,3.36579842202
623,6913001001,691300,1.05011476665
623,6913001005,691300,2.07708881929
1211,2427001001,242700,1.93169700818
1922,604003009,60400,3.1467650826
321,4208002006,420800,8.03288865498
321,4208002007,420800,8.14133508477
1632,1710005027,171000,2.34396645022
1231,2831001007,283100,0.89405204461
1932,706002008,70600,0.0
323,6909001008,690900,1.87521585939
815,5703004022,570300,5.48148539946
234,4107001006,410700,4.32657048109
1724,1606011012,160601,0.941309255077
1915,321004000,32100,4.20849465551
1611,901001008,90100,0.743999999998
1712,1404004005,140400,0.956724028028
1712,1404004007,140400,0.976913580244
1922,507001018,50700,2.10132772053
1712,1404004000,140400,0.956724028028
1032,3016002010,301600,0.90528846154
611,7104003009,710400,1.99602015724
1922,507001015,50700,1.98895307851
1733,2101002025,210100,1.93108411399
834,7003013002,700301,0.0
1622,1103002019,110300,1.84551853842
1622,1103003014,110300,1.00612201816
834,7003013008,700301,0.0
822,6201002003,620100,0.998359041682
1622,1103002016,110300,0.0
1131,8314001035,831400,0.832298136646
623,8424001005,842400,4.82790998846
422,4601001011,460100,2.95650578021
1914,8307004010,830700,6.39242788462
2522,2004012001,200401,1.9030077995
2422,103002009,10300,2.01549019609
714,6707002016,670700,2.86394015482
913,8397003005,839700,4.44481017998
1731,1611002004,161100,1.90324557955
2531,2506004008,250600,1.11346516008
1614,8104003018,810400,0.0
421,4313011002,431301,10.1595925516
421,4313011007,431301,9.3136378139
421,4313011005,431301,6.91164991168
421,4313011004,431301,9.42546831634
711,8346004008,834600,5.52863116477
2213,7304004010,730400,2.25322813168
624,6914001000,691400,2.9504127845
1924,622001003,62200,3.05222107792
2423,107024005,10702,3.65799577092
2423,107024004,10702,3.20591400041
1925,619023013,61902,0.991765782255
1135,2827002012,282700,0.919456727733
1712,1404005026,140400,0.971962616839
1712,1404005027,140400,0.971962616839
1122,2315005002,231500,3.19028982679
1135,2827002019,282700,0.919456727733
412,4802001014,480200,0.0
2432,106001012,10600,1.0522696011
2432,106001011,10600,1.0522696011
1213,8423002005,842300,1.91185633823
1131,2606002004,260600,2.71994535518
2233,4911004035,491100,3.45294819529
621,7102002002,710200,6.84100562851
2213,7202003031,720200,6.61515151516
611,7104006000,710400,4.239236306
2523,2104001015,210400,1.0625
821,6303002000,630300,1.48355218045
813,6203002011,620300,1.66373371681
611,7104002010,710400,4.71451532519
934,6119002025,611900,2.69831429257
414,4605005011,460500,4.86199254659
1432,2216001011,221600,1.96393144189
1122,2315005008,231500,5.0010851445
712,8347002010,834700,1.961678026
523,5305032008,530503,2.02620791309
1831,817002027,81700,5.16578752708
1111,8421002000,842100,1.38932291667
2524,2002004004,200200,2.92620445098
414,4605001001,460500,6.84676839088
2514,1904022016,190402,1.85825970442
2521,1909001015,190900,2.04075491383
1111,8421002005,842100,0.875
1923,8321001001,832100,3.67011290955
1422,2309003002,230900,5.82481880913
733,6814002002,681400,12.4409932091
913,6009003001,600900,3.31966183379
733,6814002007,681400,12.4812528381
114,3201004020,320100,2.33333333332
214,3802002012,380200,2.93257354641
2223,7304003027,730400,4.76615846253
1221,2430001007,243000,7.11042633446
1924,8320001007,832000,4.1579173436
512,4909024027,490902,8.86741517362
512,4909024022,490902,9.92062092708
1632,1703005018,170300,0.0
512,4909024028,490902,7.93415028655
512,4909024029,490902,8.27055357698
331,4301012006,430101,7.80423999135
331,4301012000,430101,6.99740517488
234,4109002000,410900,4.47217680731
412,4802001010,480200,0.894202898565
1711,1301003036,130100,1.03337113235
813,6503011008,650301,2.10052539497
1531,2516001007,251600,3.75915048543
512,4910005006,491000,1.77900556921
512,4910005005,491000,4.05067782741
513,4910005009,491000,3.09091841075
1621,1202002022,120200,0.0
1922,603002011,60300,2.91961640316
813,6502002008,650200,2.0287763456
611,7104005022,710400,3.52755447101
2232,7307001003,730700,1.03781512605
1111,2510001000,251000,2.0540953865
831,6611003008,661100,0.0
233,8363002001,836300,2.66611390703
934,6119002007,611900,1.95877576514
934,6119002006,611900,2.8220570151
431,5102002002,510200,1.59920409323
732,6813001009,681300,10.5419584031
1632,1710004009,171000,0.0
1212,2422002001,242200,5.99331387811
333,4305001003,430500,4.99107882485
333,4305001002,430500,7.61749819185
724,8349002018,834900,11.059824144
612,7108004015,710800,3.96096677425
1212,2422002009,242200,7.11434043902
621,6912003012,691200,4.09506430168
221,8360002000,836000,4.30936567716
1223,2804001037,280400,0.0
114,3201003010,320100,1.33333333333
1933,627001002,62700,2.02302928374
2412,205004009,20500,1.06952546114
222,3906002010,390600,3.62082842709
2213,7203004012,720300,1.77406281661
2535,2307003022,230700,3.90961993036
2412,205004004,20500,1.15046296298
2533,2502002001,250200,1.87018763548
824,6308002008,630800,0.94408286093
222,3904001007,390400,2.78709808746
2533,2502002005,250200,1.00388726919
222,3904001003,390400,4.56928410737
222,3904001002,390400,4.71375735403
824,6308002000,630800,0.970218960388
232,4004001018,400400,2.03959521055
2521,1901001001,190100,0.917435897444
1422,2227002011,222700,3.12297123062
231,4004001012,400400,0.0
1023,8433001039,843300,0.0
411,8343001027,834300,11.4353022631
411,8343001026,834300,10.3631608287
1732,8311003006,831100,2.21550690282
1732,8311003007,831100,2.21550690282
632,4403001006,440300,2.10015861864
1732,8311003008,831100,0.960344827586
513,4909011021,490901,4.9495274619
1722,1405001008,140500,0.996365105007
1633,1506002002,150600,4.49860012416
922,5805023027,580502,4.96759431628
312,4207004005,420700,8.96835113089
1012,2925003000,292500,2.77019687736
1211,8366001001,836600,0.0
731,6911004019,691100,43.6721656679
822,6309003022,630900,3.11216722544
2411,202003001,20200,0.0
832,6610002004,661000,6.12297701196
2512,1906012000,190601,0.897425249171
1434,2406001015,240600,3.34967610537
1235,3105001029,310500,0.0
934,6119001017,611900,3.43060097196
614,7107004010,710700,2.88332735104
1613,1006001026,100600,1.02132701423
321,4208002011,420800,7.05112389018
122,8391001043,839100,3.64723015696
1225,8382002053,838200,0.0
333,4309002005,430900,4.12850239672
1213,2420001012,242000,3.90544558044
2222,7302012014,730201,4.44354251554
421,4313022012,431302,7.94736893251
1723,1406022009,140602,2.09341329968
421,4313022010,431302,9.05973276279
1135,2827001012,282700,1.70354221231
1232,2838001002,283800,1.67094967877
612,7103001007,710300,3.84363624015
1924,621003003,62100,2.49765934871
2515,1913022026,191302,1.00141096095
2412,206012014,20601,1.13702190865
2412,206012017,20601,1.79795308273
1533,8314001025,831400,1.88948619233
531,4914001012,491400,2.85890579514
1434,8310001006,831000,4.06115325713
2521,1908003001,190800,5.06983288774
1933,630003001,63000,3.17903297761
2221,7303001026,730300,1.0825512687
2422,103002016,10300,3.00929359553
215,3807001012,380700,0.722627737227
1613,1007001008,100700,1.04321663019
2023,307021000,30702,1.0
2221,7201002015,720100,0.0
2221,7201002018,720100,1.08039647577
414,4605001004,460500,4.96619075705
912,8403003007,840300,0.936335403733
1934,633012002,63301,1.70705444899
1723,1604003009,160400,0.0
911,5802001004,580200,2.19254972425
2523,2001002005,200100,0.953138815203
1834,815003012,81500,5.1421509981
2413,207022003,20702,0.949801309028
923,6305003010,630500,1.83656501832
523,5305013006,530501,1.97418000747
1211,2425001002,242500,5.83590406232
1211,2425001003,242500,5.87600544838
1122,2315005019,231500,2.14984865032
2514,1903002013,190300,1.0318882121
332,4302004009,430200,8.19068252331
332,4302004008,430200,7.14083556223
2411,204003006,20400,0.0
1122,2315005013,231500,1.99601128687
1912,501002000,50100,0.948646496816
332,4302004006,430200,4.02408270632
332,4302004004,430200,6.96923482736
1131,2606002012,260600,3.20643117458
1733,1607003023,160700,2.89959476917
1733,1607003022,160700,1.98475960433
811,5609004012,560900,0.0
212,8365002012,836500,4.52339515002
1931,513002000,51300,0.0
1931,513001021,51300,0.0
632,4402021013,440202,5.13134036617
724,8349002027,834900,10.1240220028
1113,2604001009,260400,4.14094221263
811,5609001007,560900,0.0
2532,2503002002,250300,2.26189764371
1814,714002010,71400,1.71227621483
833,6504004017,650400,0.0
811,5608001008,560800,4.39338235299
833,6504004013,650400,0.0
523,5305032012,530503,2.01902673106
811,5608001005,560800,1.14338235294
921,5805013006,580501,5.48673946227
1021,2912001012,291200,5.46710019059
811,5608001002,560800,1.14338235294
2234,7501001004,750100,0.0
414,4605001016,460500,4.88323537851
2521,2002004015,200200,4.44108659421
1831,817002033,81700,4.31872224457
812,6403002011,640300,3.62641314654
1224,8330002104,833000,1.64735498284
621,7101001000,710100,7.24902634879
2422,101001003,10100,3.01286467086
812,6406003021,640600,1.04413472706
511,4908004016,490800,11.1907593318
1912,601003000,60100,1.08753126116
511,4908004010,490800,11.6494961842
214,3802002004,380200,6.84945300039
1011,8387001007,838700,5.15526654524
2512,1913011010,191301,1.01351351351
332,4303002000,430300,4.95686214659
332,4303002001,430300,4.92423850958
715,6704001011,670400,1.10664062499
332,4303002004,430300,5.90831518739
332,4303002005,430300,5.04698096235
1623,1204002027,120400,1.19230769232
412,4802001002,480200,1.12864238411
822,6204001005,620400,2.02485788235
1433,2415002010,241500,2.09059799414
933,8426002067,842600,0.0
932,6117001006,611700,0.0
921,5806002011,580600,2.43304016906
924,6104001006,610400,1.04888888889
313,4204001011,420400,8.14542074809
1922,603002004,60300,1.73850963531
1634,1508001004,150800,4.72813482141
813,6503011013,650301,3.02670499923
313,4204001015,420400,6.74862523447
715,6703002012,670300,8.14954165531
424,4610001008,461000,1.08373498897
1014,8414002020,841400,0.735981308423
513,4909012019,490901,3.0122819134
1531,2510001033,251000,1.02788844622
224,3818001008,381800,0.0
1511,2513001006,251300,0.990928882436
1034,3012001008,301200,1.73870486875
421,4313012003,431301,11.3637347951
1034,3012001000,301200,3.31017652129
225,8361001005,836100,0.940819740692
231,8361001004,836100,0.0
733,6811005015,681100,12.2901428383
1212,2422002010,242200,9.0348372222
834,7004022007,700402,0.959479281263
432,5201001010,520100,1.02983091787
222,3907002008,390700,4.39717283362
623,6912003001,691200,3.33892821338
324,4305002006,430500,6.5779815293
324,4305002007,430500,5.89160950815
324,4305002002,430500,6.96402708155
114,3201003008,320100,2.34684684683
1034,8413001014,841300,1.54064185888
723,6809001006,680900,0.914444444441
722,6809001004,680900,1.19174757282
811,5611002015,561100,1.32786885245
431,5101002058,510100,0.0
823,6501003015,650100,1.03430029605
915,8400002013,840000,2.54400230567
915,8400002012,840000,4.64017775012
932,6116001012,611600,0.956515737157
932,6116001013,611600,0.956515737157
734,6716002021,671600,3.86253234277
334,4314001003,431400,7.47677350277
825,8350004003,835000,1.56032253583
825,8350004001,835000,0.956718932224
2023,307062000,30706,0.0
2023,307062003,30706,0.0
2023,307062002,30706,0.0
1622,1101005014,110100,0.922244094492
623,8424002011,842400,5.4855086115
1031,3017012005,301701,1.10701956272
623,8424002012,842400,4.29895763537
925,8426001000,842600,3.77722766217
2525,2209022019,220902,2.03981623899
922,8428001001,842800,3.90870183516
2524,2207021006,220702,0.882513661197
1223,8378002005,837800,0.0
2514,1903001011,190300,1.9232946225
411,8342004026,834200,2.0214458837
531,5003002016,500300,3.1687573579
2412,205001001,20500,2.15740771321
1623,1502004010,150200,2.18514395655
1624,1502005018,150200,3.39812613448
1623,1502004012,150200,3.57672290391
614,7107004009,710700,1.14761306533
1623,1502004016,150200,3.61927818449
623,6913001024,691300,0.895490026022
2221,7113002024,711300,0.0
1434,2406001008,240600,0.971475843809
1134,8373001004,837300,1.0110619469
1134,8373001005,837300,2.02501543527
712,6806002025,680600,3.68842012411
712,6806002022,680600,2.35812116028
915,8398001007,839800,2.99645870761
1124,8370001014,837000,0.971064814819
431,5103004027,510300,2.05016348041
2222,7302012007,730201,2.24486772487
2222,7302012006,730201,2.24486772487
725,6716001005,671600,3.95765485924
725,6716001007,671600,4.69594687024
421,4313022001,431302,12.3164600675
421,4313022003,431302,10.0275877486
725,6716001002,671600,4.76802200498
1134,2713001019,271300,3.90131578947
823,6606005013,660600,2.87857438522
612,7103001014,710300,4.72306998082
221,3903002013,390300,4.1252942904
612,7103001010,710300,3.98496278913
2011,208011012,20801,1.08734338116
1634,1510011003,151001,1.00988372093
1733,2101003020,210100,1.83327488115
822,6201002026,620100,1.01451335056
1634,1510011006,151001,1.00988372093
422,4601001037,460100,3.16247460453
2412,206012008,20601,2.21976163727
831,6608005013,660800,4.00769162711
831,6608005010,660800,3.12569704227
1933,629001014,62900,3.00974659362
831,6608005015,660800,3.0722642786
1012,2909002009,290900,2.93667814468
1011,8387003012,838700,5.17119528545
611,7105004001,710500,2.13055004417
1731,1613002013,161300,1.90324557955
933,6111002002,611100,2.98620159594
933,6111002005,611100,2.02933737988
913,6009004003,600900,3.8174327129
933,6111002008,611100,2.92154701528
913,6009002008,600900,3.61866622078
2221,7201003004,720100,1.14954545455
735,6715003020,671500,3.20143153949
1622,1104003016,110400,0.764073226545
733,6814003013,681400,13.5999384908
323,6910001003,691000,1.98015954784
412,4802002009,480200,0.894202898565
331,4301011003,430101,8.95534367219
2211,7401004004,740100,0.0
412,4802002001,480200,1.5912408093
733,6814003014,681400,13.3732356218
1122,2315005023,231500,3.19028982679
624,4401011002,440101,9.12656535467
522,5302002006,530200,1.06668277362
624,4401011004,440101,10.2922081304
631,4401011007,440101,10.0835952498
1631,1708001000,170800,0.0
822,6303002023,630300,2.03900091743
513,4909011004,490901,8.06434931212
513,4909011005,490901,8.06434931212
513,4909011006,490901,8.10896508257
834,7002004009,700200,1.0010947168
834,7002004008,700200,0.98656610126
2012,309003005,30900,0.0
1123,2714001012,271400,0.851744186042
133,3504001003,350400,0.798780487805
832,6610004017,661000,6.30002642156
1512,2520001004,252000,0.0
423,4603023000,460302,1.02991296229
423,4603023002,460302,0.962105180658
812,6403004033,640300,1.04413472706
533,5401011019,540101,0.0
1624,1502005005,150200,3.27021401724
433,5206001001,520600,0.0
511,4908004009,490800,9.95712901375
511,4908004008,490800,11.5830861739
1034,8413003009,841300,0.0
631,4401024001,440102,10.6716967407
511,4908004005,490800,10.7656139587
935,8356001009,835600,0.0
114,3201004007,320100,0.0
121,8419001004,841900,0.0
1932,628002005,62800,0.0
1024,3008001008,300800,2.00391777595
332,4303002010,430300,5.0311333632
332,4303003010,430300,5.04515695756
413,4804001019,480400,1.1993006993
824,8350003002,835000,0.0
1622,1101004001,110100,0.0
424,4602001009,460200,0.0
832,6609002017,660900,5.87778786799
423,4603013009,460301,0.0
1633,1507003001,150700,3.37871580409
324,4304002011,430400,1.98207010679
921,5806002007,580600,3.03573476495
423,4603013001,460301,0.0
832,6609002018,660900,5.61430054732
732,6813002000,681300,6.20044857105
612,7108005002,710800,2.99530215948
732,6813002005,681300,9.46738833064
932,6117003013,611700,2.00241117128
313,4204001005,420400,8.36168974545
235,4204001003,420400,6.35729544529
1212,2424002006,242400,8.95024878649
1014,8414002019,841400,0.0
932,6117003010,611700,1.04352112676
1024,8414002010,841400,2.0
231,4005001013,400500,0.84429400387
225,4005001012,400500,0.9435261708
225,4005001011,400500,1.88434591149
1511,2513001014,251300,2.63053250073
232,4005001015,400500,1.925935554
1631,1705003009,170500,0.899684666929
1431,2215001022,221500,1.82371128063
2011,402021014,40202,3.17199732775
321,4207003004,420700,11.3132346186
2512,1906011002,190601,0.0
713,6708001006,670800,8.22945072222
632,4401021011,440102,9.13322644243
632,4401021012,440102,10.0418858987
2532,2507003000,250700,3.37754062565
1932,706001007,70600,0.0
113,8391001102,839100,0.0
512,4909024009,490902,10.0364743797
1932,705003005,70500,0.0
324,4305002010,430500,5.87676567124
723,6809001010,680900,1.0247875354
512,4909024005,490902,11.5880695443
2515,1906023019,190602,2.04519387497
2411,202004001,20200,0.0
2514,1906022014,190602,0.0
2514,1906022016,190602,0.0
1122,2608001002,260800,0.995145631065
2515,1906023016,190602,2.05374902756
1522,2521021000,252102,2.7706120352
522,5302002021,530200,1.06668277362
815,5601001047,560100,0.92771274913
1915,8307001000,830700,4.09006219658
424,4601004002,460100,0.0
1214,8330001074,833000,3.1313740216
1224,8330001073,833000,1.87377007718
812,6405002024,640500,0.0
735,6720003007,672000,3.18587982627
421,4313012002,431301,10.5660558806
1613,1005005037,100500,0.0
815,5705001013,570500,7.82328799505
833,6503012012,650301,0.990261754128
421,4313012009,431301,8.10092019481
334,4314001001,431400,3.87600952287
2232,7306003009,730600,2.9857899914
333,4305001004,430500,6.60857200193
334,4314001004,431400,6.91778836873
1623,1105021018,110502,2.29728774345
1222,8371002039,837100,3.25925144916
2232,7306003007,730600,3.9099070304
2232,7306003006,730600,3.9099070304
432,5201001066,520100,1.11776129943
914,6004002000,600400,2.41443642477
835,7001002047,700100,1.00803826807
835,7001002042,700100,1.09744053415
1024,3008002000,300800,1.86391777594
434,8388001007,838800,3.22941176472
1533,2522022006,252202,3.09443228229
632,4403002021,440300,2.24638595463
1621,1201001013,120100,0.0
1624,1505023008,150502,1.92479956246
233,4106001006,410600,4.00109168669
1623,1502004029,150200,2.18514395655
1621,1201001015,120100,0.0
2525,2209011000,220901,2.03585289025
2011,207011013,20701,0.0
811,5611005011,561100,0.0
1935,701031001,70103,0.0
612,7103001022,710300,3.92802869589
1812,711002012,71100,0.525
612,7103001028,710300,3.92802869589
332,4302003008,430200,9.97774467235
1131,2605001034,260500,3.20643117458
814,5602001012,560200,0.0
1131,2605001032,260500,3.09929858901
614,7112001023,711200,1.99005360456
831,6608005007,660800,1.97034505058
1711,1303003031,130300,2.04662214867
1621,1204001023,120400,0.676470588228
1621,1204001020,120400,0.0
234,4108001001,410800,4.12918109211
414,8342001006,834200,0.95352323838
414,8342001007,834200,0.95352323838
1633,1702001001,170200,1.0922623786
2512,8315002011,831500,0.897425249171
412,4503001050,450300,3.63717550291
2521,1902004009,190200,3.02723556348
726,6713003002,671300,4.08638659239
1611,902003006,90200,1.82375085558
2521,1902004004,190200,0.955294448086
1611,902003003,90200,1.15708418891
923,6304003013,630400,1.05096566523
1434,8324002014,832400,2.72506033402
1424,2414002013,241400,7.92823944514
2521,1902001011,190200,1.08363970588
124,8419002004,841900,0.0
524,5304001021,530400,0.926702395964
524,5304001025,530400,0.807069745298
2513,2505001013,250500,0.0
613,7107003011,710700,2.8425133026
1915,314003003,31400,4.83505090503
431,5103001008,510300,1.59556451613
2413,208021012,20802,0.986906131111
2532,2503001016,250300,1.37566997764
2413,208021014,20802,0.986906131111
2532,2503001014,250300,1.37566997764
823,6606005004,660600,5.19524888858
2534,2306002002,230600,2.40418521351
914,8402001008,840200,1.11627906978
513,4909011012,490901,6.17167940178
513,4909011011,490901,8.19117981056
925,6108001034,610800,1.10105263158
1111,2517001025,251700,0.996352583587
1123,2714001003,271400,0.835674157305
914,8401001003,840100,2.58186432472
914,8401001007,840100,2.21164989449
1711,1303004007,130300,1.11334144363
1711,1303004002,130300,0.984297236996
2535,2307004003,230700,1.66509433962
432,5203003019,520300,0.0
2535,2307004008,230700,0.0
715,6705001056,670500,0.0
111,8391001036,839100,0.0
414,4312001015,431200,1.89995030644
2412,206023012,20602,0.0
1011,8387001023,838700,5.64217602534
1011,8387001022,838700,4.13601350585
1935,703001007,70300,0.762475049901
1614,7608034002,760803,0.0
413,4803001003,480300,0.0
332,4303003008,430300,5.0061174441
831,6609003025,660900,4.60797385309
1013,3005002006,300500,2.10235206981
1031,8305003015,830500,0.0
324,4304002002,430400,6.2773951133
522,4913001006,491300,4.10338932039
1811,710002000,71000,0.0
522,4913001000,491300,3.28956818919
332,4302001005,430200,8.82649595661
1633,1507003011,150700,4.30882556328
1631,1706002011,170600,0.0
832,6609002002,660900,5.93197931848
1622,1104003022,110400,0.0
1634,1507002010,150700,3.54573389433
815,5604001006,560400,2.08537051289
732,6813002012,681300,10.99209966
1922,603002021,60300,4.35403939017
823,6603011014,660301,6.50439837038
823,6603011015,660301,4.16232846107
2511,1801004000,180100,0.964622641509
1212,2424002014,242400,6.82524423601
1014,8414002003,841400,0.735981308423
233,4105002004,410500,2.9373668693
815,8352001047,835200,3.57975950995
2212,7503003015,750300,1.01151493343
1431,2215001017,221500,3.61215652763
1712,8318004011,831800,3.93739304502
1622,1101002019,110100,0.0
1712,8318001008,831800,1.10030542829
1712,8318005014,831800,0.0
1215,2434001007,243400,3.11917296925
815,5703003013,570300,3.64486703855
1533,2522011006,252201,1.86141962799
1533,2522011004,252201,1.99688800636
1533,2522011002,252201,2.90336000192
1533,2522011001,252201,2.96747638583
1434,2405001023,240500,4.60567370714
812,6403001004,640300,1.04413472706
1922,8319002024,831900,2.10071945284
432,5202002019,520200,0.992483463619
512,4909024014,490902,10.8428352129
631,4402014013,440201,8.65006935302
813,6203001019,620300,2.80198427523
322,6904002027,690400,0.96184482549
322,6904002026,690400,3.09089094928
2411,202004013,20200,0.0
322,6904002022,690400,3.01656242765
1513,8314002033,831400,0.0
334,4313021008,431302,8.33989824848
1431,2214001001,221400,2.58691756272
633,4903001025,490300,1.81032805117
334,4313021006,431302,7.84699354893
512,4910001013,491000,6.91823659641
1112,2312001013,231200,3.16598419378
1434,8310002007,831000,3.48132998609
1434,8310002001,831000,3.57696057364
735,6720002019,672000,4.6469870562
314,4203001002,420300,8.797343378
314,4203001003,420300,9.02837410556
314,4203001005,420300,7.08279320083
314,4203001007,420300,8.88003037398
935,8356002017,835600,2.06374269005
735,6720002013,672000,2.84610826617
735,6720002017,672000,4.03187252094
622,8424002035,842400,1.56557768925
421,4313013013,431301,8.49727566186
421,4313013010,431301,9.86550433053
214,3801001032,380100,6.91512070948
1222,8371002025,837100,0.909090909087
2032,404023002,40402,0.0
1223,8378002020,837800,0.0
1633,1702002009,170200,1.25283412888
1824,801006002,80100,0.0
322,6904003001,690400,4.07618157391
715,6704001029,670400,1.10664062499
322,6904003008,690400,3.85041982945
2222,7114003020,711400,2.07862589479
431,5101002032,510100,0.0
731,6911002007,691100,23.92787196
711,8346003046,834600,0.927137546468
2221,7113002001,711300,0.0
2221,7113002003,711300,0.0
1733,1607004000,160700,2.98883305412
1235,3105001010,310500,2.88330736746
631,4403002015,440300,2.00752586754
324,8418002051,841800,0.981744045957
712,6806002007,680600,5.94685988891
412,4605004018,460500,2.81500850317
1624,1503002015,150300,5.15242009441
2522,1911004000,191100,1.9030077995
611,7105001004,710500,4.0691589439
611,7105001007,710500,4.49743884002
611,7105001000,710500,5.45753923775
611,7105001002,710500,6.41582507351
911,5801001021,580100,3.0937302061
512,5002002020,500200,4.79022764928
911,5801001026,580100,2.67619025008
1222,8370002006,837000,2.10396841466
931,6113001000,611300,0.93731133024
2223,7305001030,730500,4.19398458212
931,6113001007,611300,0.0
1613,1005004006,100500,0.0
132,3301003000,330100,1.42638460289
2512,8316004003,831600,3.26112852666
2512,8316004005,831600,1.25796534377
1124,8370002008,837000,0.971064814819
732,6812003021,681200,5.33044406214
1113,2605001001,260500,1.81592755599
1113,2605001003,260500,2.23483307637
1113,2605001007,260500,0.954766875436
1112,2312004014,231200,1.33773466553
1634,1510012000,151001,1.97437120406
1112,2312004013,231200,0.965007392803
1112,2312004012,231200,2.66898466554
733,6814001012,681400,13.8301334579
1111,8421003008,842100,1.5259469697
1711,1303003009,130300,2.03488663327
922,5808001009,580800,3.57359621059
532,NA,NA,0.0
922,5808001004,580800,3.64967317106
2532,2503001018,250300,0.95432166302
1631,1704001017,170400,0.0
414,8342001011,834200,2.90435786134
2433,301032003,30103,3.82075953449
2512,8315002001,831500,0.897425249171
2512,8315002002,831500,1.99499343439
2521,1902004016,190200,3.86586515633
725,6715003004,671500,2.91628123391
931,6114003010,611400,1.93697048789
931,6114003011,611400,1.93697048789
2534,2306006010,230600,1.0216802168
2521,1902001002,190200,0.0
1434,8324002009,832400,2.71234036072
2521,1902001004,190200,2.61841077782
612,7102005011,710200,3.88496106059
1214,8423002046,842300,2.82846941074
1123,8368001006,836800,1.97948686634
2413,208024017,20802,1.0310766721
2513,2505001008,250500,1.85085870414
931,6115002018,611500,0.0
431,5103001016,510300,1.59556451613
431,5103001014,510300,3.7115318821
431,5103001011,510300,2.39516656275
712,8348002010,834800,5.1837043669
624,6915002012,691500,3.98356885026
712,8348002015,834800,4.35286992353
2423,102022007,10202,2.06251730838
423,4607003008,460700,0.979363674481
423,4607003006,460700,0.979363674481
631,4401012005,440101,11.8409389018
1731,1612002002,161200,1.90324557955
631,4401012003,440101,11.9054926104
912,5907002023,590700,0.841325301195
1612,1002005022,100200,0.0
831,6610005004,661000,4.60797385309
631,4402014005,440201,7.99359824808
314,8344001002,834400,8.12574384751
1221,2431002003,243100,5.6186213157
314,8344001000,834400,8.10790993758
1221,2431002008,243100,4.20459516488
314,8344001009,834400,6.90625631457
1713,1407022000,140702,3.69881512933
2232,4911001011,491100,2.91831369774
432,5204003003,520400,0.0
1522,2519001013,251900,2.88754048619
412,4503001041,450300,3.55009789268
1522,2519001015,251900,2.88754048619
1522,2519001014,251900,2.88754048619
633,4409003002,440900,1.81032805117
1421,2301001025,230100,3.16939123456
1633,1511003000,151100,3.25932000377
812,6404001029,640400,0.0
513,4910005028,491000,4.88158715304
221,8360001000,836000,3.15577944853
433,5206001025,520600,0.0
212,3511001003,351100,2.93164998304
1034,8413002009,841300,2.01995377503
414,4312001008,431200,4.65630285391
2522,2003002009,200300,2.84255684337
414,4312001001,431200,6.75596424931
414,4312001000,431200,10.3352394619
414,4312001007,431200,7.12336497785
2412,206023000,20602,0.0
2033,311002001,31100,0.974999999998
2412,206023006,20602,1.07275362319
1522,2521022003,252102,3.52786577416
423,8339002021,833900,0.941709093252
2412,206023009,20602,0.0
1624,1504021013,150402,3.51933121746
1431,2214003004,221400,2.04383848133
1213,2421003008,242100,7.31377990558
1824,810003000,81000,2.46388028895
831,6609003037,660900,6.35004398883
1822,8422001066,842200,1.42857142857
1031,8305003005,830500,0.0
1822,8422001060,842200,1.08695652174
513,4909011010,490901,8.19635692725
1012,2925001017,292500,1.91354346277
1022,8431001017,843100,4.45965482062
433,5501001067,550100,0.0
1634,1507002001,150700,2.72282962399
1911,502002034,50200,0.0
2524,2207024012,220702,1.77653540033
511,4905002005,490500,2.32071924762
533,5401021053,540102,1.15263748596
1821,804003007,80400,0.0
1021,2912001010,291200,4.46559193621
2511,1801004015,180100,0.908517350164
1021,2912001013,291200,5.53396511588
1132,2609002009,260900,3.64759031698
1132,2609002008,260900,3.72688857332
1133,8430002000,843000,4.69964738895
834,7003021010,700302,0.0
813,6203001005,620300,3.16817656037
1411,2204001001,220400,0.942820635681
934,6120002019,612000,2.78205577346
2212,7505004027,750500,0.0
221,3812002010,381200,1.43548387097
1432,8322002021,832200,2.78577882445
1231,2831002007,283100,1.40516315572
1231,2831002002,283100,0.89405204461
2535,2307004015,230700,2.60369083083
1432,8322002026,832200,2.03208444076
1731,1612002008,161200,2.45615397769
1632,1703003012,170300,1.42708333333
2032,404024006,40402,0.0
1632,1703002013,170300,0.0
1614,1705002005,170500,0.0
1215,2434001019,243400,3.38053506559
1912,319001007,31900,0.840137790248
1712,8318005008,831800,1.01186249193
731,6911004010,691100,43.6721656679
1513,2521011004,252101,1.19491525425
1922,8319001019,831900,3.24014792645
1513,2521011003,252101,3.2239392352
1522,8314002001,831400,1.81517285801
1622,1103001020,110300,1.0725500812
1135,8386002010,838600,0.887968441816
532,5306002012,530600,1.10535117057
2522,2004011003,200401,0.899505766062
2522,2004011000,200401,1.79901153212
811,5611001016,561100,1.14338235294
2522,2004011007,200401,0.0
633,4903001017,490300,0.0
222,3901001008,390100,2.26353220072
1712,1403012002,140301,3.02783868442
1224,8330001050,833000,2.53255181751
1112,2312005015,231200,2.75003429059
915,8397002015,839700,2.87661810958
1011,2909003001,290900,0.982366863907
1011,2909003003,290900,1.16386049309
1613,1005001008,100500,0.0
1021,8415001015,841500,4.46559193621
1011,2909003007,290900,1.06878783976
922,8428006001,842800,3.59863749312
1433,8323001047,832300,2.96090136934
711,8346002014,834600,1.87929318489
735,6720002008,672000,2.90140776799
735,6720002007,672000,4.2736349283
1511,2513005001,251300,0.0
421,4313013009,431301,6.9333916635
923,6302001000,630200,4.02235955935
923,6302001001,630200,1.98911476614
2223,7302023005,730202,5.70377532419
622,8424002040,842400,0.902101241643
421,4313013001,431301,10.3505574144
2223,7304001019,730400,7.70425027091
421,4313013003,431301,9.14410924209
421,4313013002,431301,13.197790692
421,4313013005,431301,12.3325897929
421,4313013006,431301,12.2260700318
113,3204001020,320400,0.0
1033,3011001004,301100,1.92386892346
1033,3011001003,301100,2.15019913654
1222,8371002012,837100,0.927363184083
1922,506002021,50600,2.000491054
421,4314002001,431400,9.10218212768
421,4314002002,431400,12.0036198638
2511,8315001031,831500,0.838709677424
1713,1401002003,140100,1.88290998217
323,6910002005,691000,0.969856970991
1712,1302001020,130200,0.86131840796
322,6904003012,690400,4.96945471239
322,6904003011,690400,3.94768119777
1934,631002002,63100,3.73867083334
2515,1906022032,190602,1.03436207445
623,4403002001,440300,2.04763556952
324,8418002047,841800,3.10497964077
712,6806002019,680600,3.44434768801
914,8411001021,841100,5.25349214305
914,8411001020,841100,4.67197895202
622,7109002024,710900,0.0
1624,1505022005,150502,3.74052967823
414,4605004001,460500,1.00541271989
433,5502001051,550200,0.221854304636
614,7105001013,710500,3.81733950387
414,4605004008,460500,2.29518077047
614,7105001011,710500,3.81733950387
621,7102002007,710200,6.84100562851
911,5801001017,580100,1.64683710056
2514,1907012002,190701,0.0
1731,1611001000,161100,1.76183087663
1124,8370002016,837000,2.16487455198
832,6608001007,660800,3.95588237177
832,6608001001,660800,1.91571185184
1413,2211001015,221100,1.95374449339
323,6910003000,691000,2.8728673155
825,6606002002,660600,1.98557914168
614,7112001004,711200,4.05913022946
1711,1303003011,130300,0.963435374133
1711,1303003017,130300,0.984297236996
2523,2001001008,200100,1.8258577782
1924,621003009,62100,2.87840106531
1212,2423001001,242300,12.0482058783
2412,207021003,20702,1.99219851581
922,5808001012,580800,1.89565304415
835,7001001009,700100,1.01957700651
1631,1704001009,170400,0.0
423,4805003047,480500,0.940549890753
432,5201001043,520100,0.0
835,7001001002,700100,1.98090794178
1011,8387002008,838700,4.11316562176
933,6111001012,611100,2.63704154349
933,6111001011,611100,1.68017732742
2013,305003001,30500,3.96247863761
723,6810002004,681000,3.98702271013
1011,8387002006,838700,4.08764499153
813,6502005004,650200,1.09254143647
2423,104002004,10400,0.0
924,6104001005,610400,1.04888888889
1532,2516002006,251600,0.990380103237
124,8419002029,841900,1.75
931,6114003001,611400,1.92881589165
1532,2516002009,251600,0.99635036496
931,6114003008,611400,2.01682123353
612,7102005006,710200,3.28372394398
233,4105001002,410500,3.69730487096
612,7102005000,710200,5.17983907558
732,6813003002,681300,13.053426788
825,6606001012,660600,1.98882324877
913,6006001006,600600,3.0994638626
712,8348002009,834800,5.33077089501
913,6006001002,600600,2.09820981307
711,8348002006,834800,1.96353669411
711,8348002005,834800,3.3811774723
1213,2421002014,242100,7.33557844735
2535,2304002014,230400,1.04084158416
831,6610005012,661000,4.60797385309
1434,8322003009,832200,3.88570532164
2412,206023014,20602,0.0
631,4401024005,440102,9.78842248394
314,8344001010,834400,8.34479096104
1114,2602001013,260200,1.24999999999
1713,1407011000,140701,1.88290998217
631,4401024003,440102,9.84456853022
331,8439004000,843900,6.35997864431
331,8439004001,843900,5.04590196751
814,5607001014,560700,1.18845315904
1713,1408005004,140800,0.0
1713,1408005005,140800,2.83333333334
1925,608003000,60800,3.90808135087
633,4409003013,440900,3.28081985444
533,5401014011,540101,0.0
2011,208014018,20801,0.0
1034,8413002017,841300,0.0
2515,1907023001,190702,0.91256157636
1724,1605022017,160502,-15.0457360559
2011,208014013,20801,1.0392568175
1811,8325002022,832500,0.0
1921,509001013,50900,0.0
612,7107002006,710700,4.07813696053
2223,7304001000,730400,2.35108121416
934,6119001031,611900,2.81253016111
1121,2311001010,231100,1.63161166365
1213,2421003018,242100,4.28392411608
412,8343004007,834300,0.924684804246
1012,2925001008,292500,1.91354346277
131,8410001040,841000,4.22011849569
823,6604003000,660400,2.08491680273
832,6609002020,660900,3.25192822055
1021,2912001009,291200,5.42174620057
413,4701002042,470100,2.3063606157
2525,2209021015,220902,2.05915747065
923,6304003009,630400,1.05096566523
834,7003021005,700302,0.0
923,6304003004,630400,0.0
1621,1101001007,110100,0.0
834,7003021003,700302,0.0
2424,102012003,10201,3.14804537762
934,6120002003,612000,0.0
934,6120002002,612000,0.0
1432,8322002011,832200,2.94131202823
2535,2307001017,230700,6.85511865612
434,8388002050,838800,2.0693069307
434,8388002054,838800,3.78244206775
433,5502002027,550200,0.0
1713,8318005032,831800,1.05135951662
2535,2307003002,230700,2.10036539368
815,8352001038,835200,5.52386218333
1431,2215002006,221500,2.65390231314
1215,2434001025,243400,2.76498391604
1431,2215002005,221500,2.06184855097
1915,321005006,32100,4.26865667272
1915,321005002,32100,3.82429866906
1931,626001023,62600,0.0
2233,4912001020,491200,3.08512758712
1531,2511003003,251100,4.07877300958
2533,2508001000,250800,2.87287276832
212,3514001001,351400,0.0
1633,1506003011,150600,3.2538243615
1633,1506003013,150600,2.19948865589
213,3406001000,340600,1.01948051948
1622,1103001031,110300,1.00612201816
1135,8386002004,838600,1.69411132516
815,5702001048,570200,2.97329723325
531,4914002016,491400,4.7167620022
2212,7207002017,720700,1.23800815555
2212,7207002016,720700,2.3641188096
2031,403003005,40300,1.99867256637
2525,2209013000,220901,2.05519412191
222,3902001005,390200,1.03043300653
1612,1003004023,100300,0.0
1712,1403022006,140302,2.05541795666
1712,1403022007,140302,2.07596452885
922,8428002007,842800,3.34445157606
2423,103004012,10300,3.36995919653
711,8346002003,834600,0.0
711,8346002004,834600,3.58025528037
711,8346001027,834600,4.391598289
2433,301023002,30102,5.26445698611
1723,1604002016,160400,1.00284090911
1921,511001007,51100,0.938018018018
1723,1604002015,160400,0.0
1921,511001009,51100,0.938018018018
524,5304002032,530400,0.0
1733,1607005005,160700,1.70328223165
2412,206022008,20602,0.0
1733,1607005008,160700,5.50303728929
1633,1702002021,170200,1.13965730801
2413,209022011,20902,0.965786094294
1732,1609001017,160900,0.0810810810821
632,4408001011,440800,4.42641504603
1732,1609001013,160900,0.942477876109
921,5805023018,580502,2.03899707222
1935,702003002,70200,1.07653457654
914,8411001018,841100,5.10574531486
914,8411001019,841100,5.13856122372
914,8411001013,841100,5.15188534012
1413,2206012001,220601,2.95051243299
331,4301023000,430102,6.03306264249
911,5801001003,580100,2.08576839827
1225,8380002035,838000,0.0
212,8396001003,839600,1.73108607986
212,8396001001,839600,1.73108607986
2012,401003006,40100,0.0
1431,8309002006,830900,0.975806451618
922,5807001003,580700,3.8453897448
1031,3018033003,301803,0.0
825,6606002014,660600,2.05350185352
1532,2518001003,251800,1.08162490509
1532,2518001004,251800,0.0
1533,2518001009,251800,1.82809462861
2523,2104002004,210400,0.902564102562
614,7112001017,711200,1.89761306533
1033,8435001019,843500,2.47086010875
935,8438001025,843800,1.69230769231
2413,207021012,20702,0.868952399532
2523,2001001013,200100,1.87643249084
331,4301014001,430101,6.99126659536
1222,8371001008,837100,0.927363184083
331,4301014002,430101,6.02915205791
331,4301014004,430101,7.99435741767
331,4301014006,430101,8.03741235693
813,6502001001,650200,2.19628783416
513,4910002008,491000,7.13327929992
1033,8435001041,843500,0.0
833,6505003021,650500,0.0
1722,1602001007,160200,0.0
1933,628003003,62800,3.11913450095
1722,1602001000,160200,0.990179333904
931,6115002030,611500,1.05770513676
1532,2516003011,251600,0.761235955057
712,6805002029,680500,5.74801555124
825,6606001007,660600,1.03210431655
2532,2503001021,250300,1.37566997764
1413,2211001003,221100,0.976872246695
1413,2211001000,221100,1.86870898139
331,4201001004,420100,0.0
331,4301022003,430102,8.0633427834
1213,2421002000,242100,5.7187599467
331,4301022007,430102,7.9195838531
1021,2912002002,291200,4.1075554728
2422,102021005,10202,2.76666751662
1122,2601001010,260100,0.887242268039
2433,303001007,30300,2.02474373049
2422,102021000,10202,2.08970121382
2411,202001012,20200,0.0
424,4607002001,460700,2.12052643364
424,4607002002,460700,2.16018727499
1533,2518005016,251800,0.923826934796
1622,1504011018,150401,3.83258763838
831,6610004005,661000,6.35004398883
1832,811002002,81100,3.54464285714
933,6110001020,611000,1.68017732742
1424,2415003003,241500,3.83038126843
511,4905001013,490500,2.87595759264
814,5607001000,560700,2.19809038418
1424,2412001011,241200,8.32686603137
814,5607001006,560700,0.0
1424,2412001012,241200,9.15410312505
1422,2309001004,230900,4.24985596432
1422,2309001007,230900,2.89029271365
512,4909021012,490902,9.42411421341
2223,7115001039,711500,0.0
1522,2519004007,251900,0.852080394922
1523,2519004005,251900,1.04537205081
432,5204002004,520400,0.0
633,4409002009,440900,2.0274173432
932,6116002015,611600,0.0
932,6116002014,611600,0.0
1915,321002004,32100,4.13795881889
633,4409002005,440900,2.0274173432
231,4003001021,400300,1.45035460993
2411,204003008,20400,0.0
1711,1203002008,120300,0.0
1924,621002006,62100,3.72525694802
834,7004013013,700401,1.82603938082
412,8343004019,834300,1.67969872213
834,7004011000,700401,1.04107609743
834,7004012029,700401,1.93719266767
1731,1510024003,151002,0.880915438316
1731,1510024002,151002,0.880915438316
321,4207002008,420700,4.98047659668
913,8402001054,840200,4.27456231779
2521,1908005014,190800,0.838629592846
322,6904001010,690400,3.07329792294
835,7001001012,700100,2.11701754066
1022,8431001030,843100,3.43260787313
1914,8307002002,830700,3.40619658123
334,4307001005,430700,6.98193744029
2211,7404003012,740400,0.0
633,4406001027,440600,0.0
511,5001001018,500100,0.0
1214,2435002040,243500,1.52953272828
1133,8430002029,843000,3.89254778306
923,6304003012,630400,1.05096566523
2424,102012014,10201,3.04509155246
432,5201001036,520100,1.00418410042
2535,2307001009,230700,3.21501033568
2424,102012011,10201,3.14804537762
1411,2204002005,220400,2.04883549867
1632,1710006016,171000,2.02753759397
2521,2001003021,200100,1.0241265998
2411,201001022,20100,0.0
1511,2513004004,251300,0.962877030162
814,5603002005,560300,3.00955625598
522,5305011017,530501,0.964066193852
1712,1404002003,140400,2.01492826862
1031,3018033006,301803,1.27647058827
1712,1404002004,140400,2.01492826862
611,7105004010,710500,4.57089616013
1712,1404002009,140400,2.89991323724
1611,901003017,90100,1.15708418891
2222,7302015001,730201,1.94764087618
2222,7302015002,730201,1.94764087618
1032,3016001010,301600,0.0
1032,3016001011,301600,3.55958850931
2533,2508001014,250800,3.67873357418
2521,1902003014,190200,0.955294448086
213,3514001015,351400,0.0
831,6605002007,660500,2.99505998072
815,5702001010,570200,0.905526573209
1411,2107001016,210700,1.97486487169
1712,1403011005,140301,3.03268855688
2515,1912001014,191200,0.937619961621
532,5306002033,530600,0.930034129689
531,4914002022,491400,3.7951225551
431,5101001012,510100,0.0
1213,2420002017,242000,2.07258168256
532,5306003032,530600,0.0
1432,2216002016,221600,1.99532560471
1432,2216002017,221600,3.79011903069
2031,403003016,40300,3.56253006253
831,6608002002,660800,2.98147548536
1732,1608003007,160800,2.51315789473
915,3405001033,340500,2.02128477625
1623,1105022005,110502,0.0
632,4402021016,440202,7.44022266799
912,5905001001,590500,1.9421620776
913,8397001004,839700,3.01640606816
321,4212001009,421200,6.1172028299
1432,8323001020,832300,2.42507194551
913,8397001000,839700,4.19409542308
1115,2607001009,260700,2.98930481283
1115,2607001000,260700,2.00259067357
423,4606001011,460600,0.940154530553
1031,3018032017,301803,1.76697083526
1921,511001010,51100,0.938018018018
1921,509001002,50900,0.0
1921,511001015,51100,0.0
624,6914003012,691400,8.97532814898
723,6811001010,681100,12.0210006956
1623,1104001033,110400,2.23965762471
433,5501006033,550100,0.0
1622,1104001038,110400,1.8322125366
1633,1512003019,151200,0.0
1922,8319001001,831900,3.22003739795
1231,2832001013,283200,1.27941176471
1531,2511004012,251100,4.35747609991
2222,7114003016,711400,1.48529411765
1622,1103005030,110300,0.955629364673
914,8411001007,841100,4.42342166255
822,6201001023,620100,3.15727214939
1234,3109002001,310900,0.94772891132
412,4605004020,460500,2.81500850317
1234,3109002006,310900,3.10658213382
2413,209011006,20901,0.997204701833
912,5906001002,590600,3.83248253463
2413,209011000,20901,0.872305682564
624,6915001000,691500,3.95886155962
912,8404001010,840400,3.04048185289
611,7104004008,710400,3.09558915075
1614,8104003029,810400,0.0
2411,202004011,20200,0.0
1234,8412001001,841200,1.2769492269
2012,401003014,40100,-1.07142857143
2531,2506002015,250600,1.84986413425
1622,1505021005,150502,1.04226884228
1611,902002024,90200,2.2224688043
1234,8412001008,841200,2.18628957626
731,6911004000,691100,23.9817971408
2012,401003018,40100,-1.07142857143
2422,101002005,10100,2.83694474573
2422,101002002,10100,1.95492816292
2532,2507005014,250700,1.19230769229
2422,101002000,10100,2.96037370747
1724,1605011017,160501,0.0
112,3201001020,320100,7.49999999999
511,4908003028,490800,8.67730102313
511,4908003029,490800,10.0781026263
312,8425001011,842500,7.85397093263
2511,1904012008,190401,0.0
511,4908003026,490800,10.1715548826
2413,207021023,20702,1.90002907163
1132,2610002021,261000,2.2604617007
1031,3018012033,301801,1.0417239011
2033,312003007,31200,0.91037735849
1733,1607001009,160700,1.21095008051
323,6909002006,690900,0.93677182877
1222,8371001013,837100,0.909090909087
813,6502001015,650200,2.20212872621
2234,7505003052,750500,0.0
414,4312002024,431200,7.87383809166
513,4910002014,491000,7.9385566894
1935,703002001,70300,1.07653457654
414,4312002021,431200,8.81745745567
412,4503002008,450300,5.14970852117
1532,2516003008,251600,0.0
533,5401011001,540101,0.0
931,6115002028,611500,2.03265749177
122,8391001069,839100,3.2662464986
914,8411004019,841100,3.79450646692
1232,8419002049,841900,0.0
712,6805002016,680500,3.66921332373
2433,301012000,30101,4.00653411034
1622,1505011005,150501,0.9045132846
1831,818002030,81800,2.56064223037
1021,2912002013,291200,5.03897857854
1021,2912002014,291200,5.03203470924
1021,2912002017,291200,6.53207045882
623,4403004000,440300,1.05614735908
324,4305003002,430500,5.98213802543
511,4905001008,490500,2.76458107541
822,6204002003,620400,4.13039487703
822,6204002004,620400,5.15882354858
924,8426002054,842600,3.01219512195
512,4909021006,490902,9.29611220182
411,4503001014,450300,4.34768394861
411,4503001019,450300,3.85127875177
2522,2003001012,200300,2.86449351379
312,8425001001,842500,5.3073236254
1411,2204001002,220400,0.942820635681
1012,2909003011,290900,0.980595427963
2221,7302014018,730201,2.04469637909
713,6701002008,670100,5.00089845645
1722,1603001002,160300,0.0
1215,2433002023,243300,1.99042807776
1124,2712001040,271200,3.03418765394
2011,403002013,40300,1.12978665208
313,4206001011,420600,7.74493006333
2011,403002016,40300,1.09196961476
824,8350005005,835000,0.0
824,8350005006,835000,0.0
1921,505004004,50500,1.01812240048
1712,1403023010,140302,1.94422280123
1712,1403023016,140302,2.957490237
934,6119001016,611900,1.81707921394
813,6203002008,620300,0.737554112553
831,6611001010,661100,0.97664079866
1234,3108001004,310800,3.13554900154
1234,3108001009,310800,3.5185578731
414,4312001032,431200,6.97525115905
1434,2222002012,222200,3.88516992396
1022,8431001025,843100,5.85528971176
813,6407003009,640700,0.0
1013,8434001020,843400,0.963833992095
122,8391002012,839100,0.772058823528
1922,604001002,60400,1.76119613138
613,7108002009,710800,0.940648303149
923,6304002005,630400,1.05096566523
923,6304002006,630400,1.70890410959
432,5203004001,520300,0.0
733,6811002008,681100,10.0269638173
1431,2215002029,221500,5.55921073632
1622,1101005016,110100,0.0
1923,611001001,61100,5.42902122988
1422,2302001024,230200,4.44504527449
733,6811002005,681100,9.23649822277
1931,626001008,62600,1.963654449
1225,8381002025,838100,0.0
611,7105004005,710500,2.99691809635
2222,7302015017,730201,0.9088888889
1612,902004015,90200,0.599999999999
1032,3016001008,301600,3.49129098356
1133,2705001012,270500,0.995252788984
332,4303002002,430300,5.9880174904
1031,3017013004,301701,1.03678137235
815,5702001006,570200,1.03886499529
921,5805011008,580501,1.92640041263
1622,1103004020,110300,1.01601947243
1432,2216002004,221600,1.86300463072
1623,1105022030,110502,1.19230769232
1812,713002000,71300,0.0
1732,1608003010,160800,1.03159645233
1732,1608003012,160800,3.54475434706
1031,8305001019,830500,1.0417239011
2523,2105021016,210502,0.0
2523,2105021014,210502,0.93222427603
1624,1502002026,150200,3.2921615381
2432,8306002004,830600,1.07082324455
634,8340001026,834000,0.0
1921,511001023,51100,0.938018018018
1031,3018032000,301803,1.05984174085
1731,1610002008,161000,0.93738779174
933,6112002011,611200,0.906760435579
2212,7207001004,720700,1.15409207161
825,8350003013,835000,0.956718932224
1233,3107001002,310700,0.85294117647
413,4803001004,480300,0.0
433,5501006028,550100,0.0
2232,7305004046,730500,3.74300038632
1812,711001025,71100,0.793887147335
1932,705001000,70500,0.0
823,6503021022,650302,1.01426577288
233,4105002000,410500,2.91252743869
813,6503013008,650301,2.25290805627
1414,2205001020,220500,3.10755577182
2525,2004022010,200402,3.13884214732
1622,1103005004,110300,1.90297386184
1622,1103005005,110300,1.90297386184
2515,1912001020,191200,0.937619961621
1622,1103005009,110300,1.70933137374
912,5907001004,590700,1.85978857076
2223,7301003001,730100,0.0
323,6909003010,690900,1.79931795423
1731,1613004012,161300,3.06580362076
411,4605007012,460500,3.43128689776
132,3301003007,330100,0.732638888889
611,7104004011,710400,4.20659448205
811,5608004000,560800,0.0
2433,301011001,30101,3.58767258838
1712,1402003019,140200,0.967309220986
612,7107001005,710700,4.76439480126
915,8399005008,839900,2.11627276936
1923,8321003002,832100,7.22126459353
1834,814031010,81403,2.72070538251
1923,8321003005,832100,5.38602449314
1923,8321003004,832100,5.24479711918
1812,712001000,71200,0.0
2221,7302011014,730201,1.23692307693
1912,601001009,60100,1.76033296062
735,6715002028,671500,4.21735657048
911,8403001021,840300,2.18541666666
1233,3107001005,310700,3.06521739129
1433,2402001014,240200,3.10279801358
1421,2226001014,222600,2.98069939309
726,6713002012,671300,4.11530817295
632,4407002004,440700,1.06814978862
814,5607002014,560700,1.11416309013
2433,302002003,30200,3.80339021181
1723,1406023006,140602,3.18053509848
413,4804003035,480400,1.85458491589
2433,302002008,30200,3.44886206845
423,4603011013,460301,0.0
423,4603011010,460301,0.0
2534,2306001008,230600,0.972841225626
235,8362001016,836200,4.32898311099
324,8418002015,841800,2.076780411
412,4503002015,450300,5.35366610103
414,4312002032,431200,3.78416074058
1212,2423001000,242300,12.1042278474
734,6719001027,671900,3.06077167153
2515,1913022028,191302,1.2148212226
424,4602002009,460200,1.08373498897
2213,7203001013,720300,2.65400916135
1024,3007002008,300700,1.05737704918
1631,1708003014,170800,1.07668711657
1621,1202001016,120200,0.0
1434,8322003014,832200,3.54433900618
434,8388001013,838800,5.14607843139
334,4306002000,430600,8.19398162977
334,4306002003,430600,9.72236360022
333,4306002004,430600,13.8403740274
423,4607002006,460700,1.8765349639
131,3301002018,330100,4.55193401513
1212,2422001021,242200,9.82399760747
132,3301002015,330100,1.0652173913
2411,203013020,20301,0.0
1212,2422001022,242200,9.77931042139
822,6309001014,630900,2.07739719569
833,7002003018,700200,3.33449038182
1631,1707003004,170700,0.899684666929
2534,2306003008,230600,0.972841225626
1133,8430001003,843000,4.06119531854
1412,2106022011,210602,1.06122826491
331,4301023001,430102,5.97669957864
833,7002003010,700200,3.00762130953
834,7004021024,700402,0.969020652897
832,6610004001,661000,6.9000414281
632,4407001013,440700,2.23031677318
832,6610004000,661000,6.67846507959
632,4407001018,440700,3.06799217211
1932,627003006,62700,1.01206212823
1222,8369001001,836900,0.909090909087
1911,407004001,40700,0.975923566877
2212,8233041002,823304,0.0
324,4305003011,430500,6.85812484958
824,8350001012,835000,0.0
422,4604001016,460400,8.25373145525
633,4409002023,440900,1.00037027895
725,6716003011,671600,2.53756582173
1925,609004000,60900,2.92897125113
1925,609004001,60900,2.92897125113
725,6716003015,671600,2.0471352284
313,4206001008,420600,7.66524849997
1811,8325002014,832500,0.0
713,6701002012,670100,3.89192409748
313,4206001007,420600,7.66524849997
713,6701002010,670100,2.90450510629
1911,503001000,50300,0.0
1712,1403023008,140302,3.08214524975
1911,503001002,50300,0.0
831,6611005015,661100,0.0
2534,2305001000,230500,1.99452144243
2534,2305001003,230500,2.08289597022
2534,2305001007,230500,0.972841225626
1624,1504022017,150402,9.84028405369
735,6715002030,671500,7.36859363132
213,3515002005,351500,0.0
1221,2428001017,242800,4.09754070677
914,6004003002,600400,0.0
1633,1702003016,170200,1.37792494481
1211,2426002000,242600,1.93876388077
823,6604004012,660400,3.11070885961
334,4307002004,430700,7.26834520723
1423,2426001011,242600,0.988731014216
1412,2106023010,210602,1.06122826491
1613,1006003025,100600,0.798219584566
725,6711001017,671100,3.44411263104
725,6711001019,671100,6.61616683028
725,6711001018,671100,7.61616683029
2234,7506002008,750600,1.91984517649
2234,7506002005,750600,1.58299595139
523,5305011034,530501,1.99156223893
1624,1504023021,150402,4.83001617607
523,5305011036,530501,0.995781119464
1622,1102001014,110200,0.0
412,8343005000,834300,3.42212204515
512,4909021013,490902,7.97745077169
612,7107001006,710700,4.76439480126
733,6811002010,681100,11.1496649683
1611,1001001035,100100,1.488
2222,7302011013,730201,1.78195488722
822,6303001022,630300,2.0879004304
2512,8316005014,831600,0.0
422,4601002000,460100,3.05863656562
2523,2104001003,210400,0.902564102562
2525,2209013006,220901,1.06920152091
131,3302002007,330200,1.74681206578
531,4914003026,491400,0.993105209395
531,4914003025,491400,2.6475677053
1413,2210002008,221000,3.97551176391
1723,1406011017,140601,3.05354785609
532,5301001018,530100,2.00589253237
1215,8330002026,833000,2.02598016562
1711,1303002011,130300,0.984297236996
1934,632003001,63200,2.83819746232
1413,2206021005,220602,1.94009946954
2523,2105021001,210502,0.892405063293
1222,8370002004,837000,2.14736318408
1432,8323001000,832300,1.80331180101
1812,713001000,71300,0.764130434783
621,7109001007,710900,3.04673835168
1634,1508005006,150800,4.02947333135
634,8340001034,834000,0.0
513,4909011020,490901,7.05373297289
1925,609001000,60900,4.08263914592
933,6112002022,611200,3.06088587088
725,6715001002,671500,2.91358144136
1813,8326003017,832600,-0.285987958401
1732,1610002016,161000,1.11938382542
1732,1610002013,161000,1.11938382542
1235,3107001015,310700,3.29315755382
332,4303001017,430300,5.9880174904
332,4303001012,430300,5.10826102915
2024,313004000,31300,0.0
632,4401021006,440102,9.97570036639
923,6305001007,630500,0.977599782795
913,6006002022,600600,1.03191489361
1613,1007001010,100700,1.04321663019
813,6503013011,650301,1.0650652985
513,4909013009,490901,7.2176564486
513,4909013006,490901,8.26255454651
811,5609003009,560900,0.0
633,4408001020,440800,1.29417023859
332,4302002000,430200,8.32259232661
2514,1904021010,190402,0.0
633,4408002008,440800,1.47748534654
922,8428002004,842800,1.67794316644
221,8360002017,836000,3.55466022312
633,4408002003,440800,2.59273638998
323,6909003007,690900,1.93322153291
323,6909003002,690900,1.93322153291
131,3301003011,330100,2.65308491217
2232,7307002005,730700,0.874149659884
2223,7301002016,730100,4.7706969859
2412,203012008,20301,0.0
523,5305021024,530502,2.00280028699
1212,2423002013,242300,8.89448757932
523,5305021021,530502,2.00280028699
1824,811003000,81100,0.0
523,5305021023,530502,1.98116778613
2422,101003008,10100,2.9986149969
2515,1907023012,190702,1.03436207445
424,8339002014,833900,2.12052643364
1024,8414001008,841400,1.04927021698
733,6814003001,681400,13.5709587407
1921,509001023,50900,0.828254847645
1933,630001001,63000,3.62853665459
1532,2518002017,251800,0.908602150535
1532,2518002016,251800,1.08162490509
1522,2521023013,252102,1.90092358257
1522,2521023010,252102,1.81517285801
1522,2521023011,252102,1.86389183754
512,4909022019,490902,9.1223066837
512,4909022012,490902,9.27308955376
1722,1602004017,160200,1.94866682436
2534,2306005006,230600,0.0
331,4301013002,430101,6.85412326973
2534,2306005000,230600,1.06121575342
2534,2306001011,230600,3.06968188496
1122,2315006031,231500,2.72364738682
632,4402022013,440202,5.23271615199
632,4402022010,440202,8.43086957872
1031,3018012021,301801,0.980394280772
912,5907001015,590700,0.936335403733
912,5907001014,590700,0.841325301195
835,7005011023,700501,0.0
825,6607001008,660700,1.03210431655
1235,8432002004,843200,3.91605090535
513,4910002033,491000,3.88343477735
2223,7115002010,711500,2.24574339405
2511,1801005003,180100,0.98076923077
735,6720001007,672000,3.16066486485
735,6720001005,672000,2.84610826617
735,6720001000,672000,4.02063769949
1621,1202001026,120200,0.0
835,6611002009,661100,0.0
2524,2207011006,220701,2.70157197555
835,6611002006,661100,0.0
1911,502001005,50200,1.01796407185
1213,2421003020,242100,7.29497403025
1223,8378001034,837800,0.0
1223,8378001035,837800,0.0
934,6119001005,611900,1.81707921394
1413,2211003018,221100,2.93066350406
122,8391001026,839100,2.45089285714
1633,1506001008,150600,4.5411959896
122,8391001025,839100,3.60548222912
712,6805001007,680500,5.26260357831
813,6502004000,650200,2.03695402471
1212,2422001015,242200,9.87421461929
1712,1404001005,140400,0.952510658455
834,7003022004,700302,0.0
834,7003022005,700302,0.0
2514,1906013007,190601,1.07961862307
2233,4912002003,491200,3.01540802075
2532,2507001001,250700,2.17242376822
1712,8318003002,831800,1.10030542829
2433,301022002,30102,3.01967663794
414,8342001018,834200,2.90435786134
333,4308002013,430800,4.99216718182
333,4308002015,430800,5.74438406607
822,6204003002,620400,1.01451335056
412,4801001024,480100,3.90059257438
631,4401024004,440102,9.59538437403
825,8350001008,835000,2.0941795828
815,8305001035,830500,0.0
322,8425001028,842500,5.04093637092
825,8350001001,835000,0.956718932224
1712,8318003009,831800,1.01186249193
424,4602002014,460200,0.0
1613,1007001018,100700,0.950274079875
821,5701001004,570100,0.913734939756
2523,2105011001,210501,0.0
821,5701001001,570100,0.0
1922,624001006,62400,2.15791864538
2535,2229001024,222900,0.956846950516
1732,8311001017,831100,2.11823011571
1125,8374001015,837400,1.79404113122
815,5705002010,570500,4.29381930681
834,7004011055,700401,1.88952515282
1824,810006000,81000,0.0
312,4207005007,420700,10.3075572058
2213,7306001001,730600,0.681818181818
1234,3108002001,310800,3.64058918838
632,4401022006,440102,7.49040711051
421,4314003010,431400,3.39389761067
421,4314003011,431400,6.05600790857
414,8342003007,834200,3.60673360423
1812,711001023,71100,0.955838323353
1221,2428001006,242800,4.06790674664
1221,2428001001,242800,4.26624758355
1632,1703001006,170300,0.0
2432,8306001002,830600,1.07082324455
1624,1504023020,150402,4.79415360136
2412,205003002,20500,0.0
731,6903002011,690300,11.5829307569
725,6711001022,671100,5.65710737387
1613,1006003030,100600,0.917553191493
1632,1703005019,170300,0.0
2222,7114002028,711400,3.47172995398
632,4403003006,440300,2.13629957724
1633,1711002021,171100,0.0
1133,2608002014,260800,2.97903141495
1533,2522013004,252201,2.84023276403
1912,601001008,60100,1.76033296062
333,4309001013,430900,5.00104924033
612,7102003012,710200,4.28999717183
2514,1904021015,190402,0.0
1914,315023001,31502,2.20828629486
523,5305012000,530501,1.02440139898
523,5305012003,530501,2.10867106189
613,7111002011,711100,1.69704559925
332,4302005003,430200,3.95160682033
921,5807002020,580700,3.11187033692
921,5807002021,580700,3.11187033692
2521,1908001010,190800,3.12642798007
733,6814004004,681400,11.7916734022
733,6814004003,681400,11.4087878174
733,6814004002,681400,10.7380104924
733,6814004000,681400,10.6905169339
1111,8421002003,842100,1.87024221453
511,4908002015,490800,12.9065933244
733,6814004009,681400,12.2995848295
733,6814004008,681400,12.9234223656
2221,7201001020,720100,3.19424183364
1611,902001002,90200,3.13133017507
431,5101001035,510100,0.0
912,5905001032,590500,1.02800933645
2433,301031003,30103,3.98478190759
1623,1105014001,110501,0.0
1913,317004004,31700,4.79528051279
1623,1502002024,150200,2.13283623272
2422,103001002,10300,2.97891803756
1623,1502002021,150200,2.13283623272
2411,203023029,20302,0.0
1623,1105012006,110501,0.0
621,7109001012,710900,3.04673835168
911,5802002002,580200,1.98159546463
2411,203023020,20302,0.0
522,5305011021,530501,0.98061329795
825,8350004005,835000,1.91343786445
915,8398003005,839800,2.960461647
714,6707001018,670700,5.1492360397
423,8339001017,833900,0.964721916443
1622,1103002009,110300,2.43846153853
833,6505001020,650500,0.0
1933,628001011,62800,0.0
533,5401023002,540102,0.0
533,5401023001,540102,1.57916666666
511,4907002005,490700,3.16956269893
1424,2414001009,241400,4.80643514259
1424,2414002001,241400,7.82707850852
332,4303001000,430300,5.10826102915
1132,8430002028,843000,5.46684880861
1613,1007001000,100700,0.741854636597
2413,208022001,20802,0.920659959066
513,4909013014,490901,8.22967423534
513,4909013010,490901,8.24666341246
633,4408002012,440800,1.19014989987
633,4408002010,440800,0.852487562185
131,3302002013,330200,4.23123919617
633,4904001001,490400,0.893661384499
2424,102012013,10201,3.14804537762
2534,8312002016,831200,1.01034236805
2232,7307002039,730700,0.874149659884
1212,2424001013,242400,7.66606649144
632,4401023004,440102,10.5639098325
314,4202001005,420200,2.98344009623
422,4603021012,460302,6.3729767989
912,8404001025,840400,4.57995659009
1524,2515001007,251500,0.95048231511
2223,7115002011,711500,2.04573994925
523,5305021030,530502,2.0508728044
1014,2924001008,292400,2.05882352942
1932,704002015,70400,0.0
722,6809003000,680900,2.00176296667
1731,1613004020,161300,2.54181372178
913,6009004005,600900,3.83396374309
812,6406002028,640600,0.0
511,4908001023,490800,9.92475514464
511,4908001020,490800,10.8522558997
621,7102001002,710200,4.11314620491
1711,1303001000,130300,0.963435374133
733,6814003015,681400,14.3356153243
812,6406002027,640600,0.445312500005
1111,8421001004,842100,1.38932291667
735,6715002008,671500,7.63011476044
1722,1603002002,160300,0.990179333904
623,6912002007,691200,4.55764481761
1522,2521023000,252102,1.95291607082
1112,2315006020,231500,3.36579842202
522,4913003009,491300,3.99467708891
522,4913003002,491300,2.94871622184
932,6117003014,611700,0.956515737157
512,4909022020,490902,10.4844008127
522,4913003005,491300,3.85564835131
1722,1602004006,160200,1.94866682436
631,4401013003,440101,11.0604104267
522,5302005059,530200,2.42588043078
1031,3018012018,301801,1.05984174085
1924,623001003,62300,2.80617301579
522,5302005053,530200,2.42588043078
825,6607001018,660700,0.0
735,6720001019,672000,2.016631405
334,4308001000,430800,8.81470369526
2022,306011001,30601,2.25
735,6720001014,672000,3.10438650703
1022,8431002007,843100,5.57961905383
1621,1202004002,120200,3.38888888886
735,6720004004,672000,6.81257328624
1223,8378001025,837800,0.0
2522,1911005013,191100,0.730853391687
133,8392002013,839200,1.07692307692
1633,1511004001,151100,2.33692556811
623,6912001015,691200,3.35292492817
621,6912001017,691200,5.11321727726
621,6912001018,691200,5.11771363301
632,4401022011,440102,6.96845795797
834,7003022017,700302,0.0
2233,4912002012,491200,2.91670122603
834,7003022015,700302,0.0
2233,4912002015,491200,2.86412845456
433,5501005006,550100,0.0
911,5803001015,580300,0.0
322,6904004010,690400,4.15455307856
431,5102003028,510200,1.04658610671
334,4308002000,430800,9.18403980936
322,8425001037,842500,2.89864575872
832,6609001016,660900,6.25146784341
1022,8415002008,841500,3.9071278146
913,6009004012,600900,4.28876914492
2523,2105012021,210501,0.953138815203
235,4110002011,411000,1.80630431581
1421,2408001007,240800,4.0736225935
1914,8307003005,830700,2.4817905684
421,4313023006,431302,11.1215063069
1112,2312002006,231200,3.87036681164
421,4313023005,431302,11.0019147738
421,4313023003,431302,14.8320376697
421,4313023008,431302,12.807552188
421,4313023009,431302,13.3872131462
815,5705002009,570500,7.82226461469
1823,818002009,81800,1.91000827131
921,5805011007,580501,3.27814325203
1631,1705001001,170500,0.0
2011,402022012,40202,1.09196961476
1712,8318002013,831800,1.9008344929
2011,402022018,40202,1.53030303031
813,6502006003,650200,1.23024
1023,8429004038,842900,0.729508196721
1013,8434001018,843400,0.963833992095
414,8342003014,834200,2.95506318064
414,8342003016,834200,4.39605765449
414,8342003010,834200,3.13082565655
1711,1301003029,130100,1.0293005671
414,8342002016,834200,2.81070794176
713,6701001016,670100,6.90504699761
122,8391002021,839100,0.0
2222,7114002011,711400,0.9088888889
2222,7114002012,711400,2.39002096438
2412,205002011,20500,1.24371373308
1925,608003001,60800,3.60771035508
1925,608003004,60800,2.92314159182
1624,1503004014,150300,6.66521174274
523,5305032048,530503,1.94233393414
235,4110001003,411000,2.16102498199
324,4309001006,430900,5.8506805801
611,7105003004,710500,3.12122385088
612,7102003003,710200,6.59528016
2514,1903003002,190300,1.0318882121
1921,510001012,51000,0.0
822,6303001001,630300,1.01250207676
712,8348001012,834800,4.97298360283
2522,1910002013,191000,0.208695652181
1121,2315001006,231500,1.6904739711
612,7102004003,710200,2.94313153634
1221,8367002031,836700,2.09929669873
2521,1908001006,190800,2.80594114514
2432,8306003002,830600,1.10509031199
421,4314003007,431400,8.89808657554
314,8344001008,834400,9.97790004655
1412,2206025003,220602,1.39380530973
1111,8421006007,842100,1.38932291667
1513,2520002008,252000,1.28915662651
1111,8421006005,842100,2.37444479068
1523,2515004007,251500,1.95597386555
511,4908002007,490800,10.1578546049
511,4908002001,490800,7.36953133525
1513,2520002007,252000,1.19491525425
511,4908002002,490800,9.46352576446
1611,902001018,90200,1.14664591978
1622,1104001044,110400,1.90297386184
1523,2519002011,251900,0.920219244823
232,4005002004,400500,1.94381755017
1911,407003004,40700,1.01158736668
624,6914004006,691400,3.85590589083
631,4403005008,440300,1.02334318659
631,4403005009,440300,0.843623070674
1624,1502002035,150200,1.99399439568
1624,1502002030,150200,1.86990477237
2433,302001001,30200,4.22758688429
623,4403005001,440300,1.05614735908
1121,8366001019,836600,1.3270574534
1623,1105012010,110501,0.0
1121,8366001013,836600,0.0
931,6115001001,611500,1.94349943293
931,6115001002,611500,1.92766317469
1023,8407003010,840700,1.61191877929
524,5304002045,530400,0.0
531,4914002028,491400,3.80629998306
511,4907003016,490700,0.0
1923,612001005,61200,3.47674219529
1132,2610002029,261000,2.6097457839
523,5305033045,530503,0.985386666662
823,6606003007,660600,3.00717428777
713,6701001011,670100,4.72016851511
513,4909012002,490901,10.1895860227
1934,634001002,63400,0.909563409564
432,5203003001,520300,0.0
1911,406003007,40600,0.0
314,4208001005,420800,10.6328386319
511,4905002022,490500,5.15127491838
511,4905002023,490500,5.82142068649
511,4905002026,490500,6.37087679933
511,4905002027,490500,5.11091949167
511,4905002024,490500,5.82142068649
725,6712001001,671200,2.14418202576
725,6712001005,671200,4.65850240683
523,5305021040,530502,2.01380125962
725,6712001006,671200,4.28183038971
1932,704002002,70400,0.0
1723,1407024000,140702,2.09341329968
511,4906001045,490600,1.00769854133
1011,8387003004,838700,5.86318733732
1212,2423001002,242300,10.8764182689
1713,1402002013,140200,2.58270676692
1421,8324001011,832400,3.13584269719
1421,8324001010,832400,4.21921553565
1111,8421001010,842100,0.0
1424,2414001011,241400,5.67412008724
2023,307011003,30701,0.0
1034,8432001003,843200,1.75016715141
1034,8432001000,843200,1.68001726371
2515,1907022004,190702,0.937619961621
624,4402012003,440201,9.08200276478
422,4604001015,460400,5.29874418451
624,4402012001,440201,6.97923897174
1421,2226001028,222600,3.19132171981
1732,8311004019,831100,0.0
413,4804003003,480400,0.907216494842
925,8426001056,842600,3.28710492913
413,4804003006,480400,0.947368421053
925,8426001055,842600,6.60105263147
412,8343005001,834300,6.82040825856
1432,8322002006,832200,2.54308937648
1711,1203002011,120300,0.0
921,5806003002,580600,3.13882717983
921,5806003003,580600,4.21304381947
1812,713002014,71300,0.525
921,5806003005,580600,4.89245558418
1611,1002004010,100200,0.633333333328
1612,1002004012,100200,0.0
2222,7114002008,711400,2.39002096438
834,7004022020,700402,1.10942760943
1611,1002004018,100200,0.743999999998
1124,2712001013,271200,1.9513117284
632,4406002003,440600,0.0
632,4406002000,440600,0.0
835,7005014030,700501,0.0
835,7005022017,700502,0.592319054643
2511,1801005008,180100,0.0
1821,804001007,80400,0.833333333333
2213,7203003031,720300,5.44734460356
1221,2431001003,243100,9.08377186936
1712,8318003006,831800,1.01186249193
2524,2002002007,200200,1.92764123259
2524,2002002009,200200,2.64959728995
1632,1703004003,170300,0.0
1221,2431001001,243100,5.97582066793
1632,1703004006,170300,0.0
623,6912001003,691200,4.45269035468
133,8392003000,839200,1.06060606061
1634,1511001001,151100,2.91505863866
723,6809004029,680900,0.914444444441
815,5703004019,570300,6.94922733491
2512,1906013021,190601,2.01757855416
322,6904001017,690400,1.87913571188
314,8344002004,834400,4.11953487831
822,6309002000,630900,3.14662239902
822,6309002001,630900,4.11349190545
822,6309002003,630900,3.20107045828
322,6904004009,690400,3.93478453561
423,4604004004,460400,1.97006749284
322,6904004000,690400,5.25421057123
322,6904004002,690400,6.19599795133
622,8424001032,842400,1.09791122715
1522,2521024011,252102,2.84249206788
914,3403001022,340300,3.31725703606
1021,8415002019,841500,4.84381529987
1235,3103001014,310300,0.937264742784
825,8350001021,835000,1.66431588629
334,4308001001,430800,10.1938697958
624,4402011000,440201,11.2403788262
631,4402011007,440201,10.7245297923
1634,1510011004,151001,1.97755794427
532,5306001026,530600,1.05454545455
613,7110002032,711000,2.79952393634
532,5306001022,530600,0.0
1011,2909004008,290900,4.14779142857
421,4313023010,431302,9.97801305895
1031,3018032012,301803,1.81631406504
1831,818001020,81800,1.54794372294
1423,2411002006,241100,5.11389602027
1622,1101004012,110100,0.0
1413,2206022001,220602,2.92624968322
322,6905001027,690500,3.21915812411
713,6701002009,670100,5.02534585847
1114,2603001023,260300,0.999999999992
414,8342003023,834200,3.04051873234
1223,8378001037,837800,0.0
1224,8330002099,833000,1.05662650599
2423,107021011,10702,2.18326225759
1933,629001012,62900,3.00974659362
1124,2712001017,271200,1.94212962964
414,8342002007,834200,2.8120939915
1124,2712001015,271200,2.05350209081
234,4108002000,410800,4.0234969484
414,8342002002,834200,2.8120939915
2222,7114002007,711400,3.38005832428
2222,7114002005,711400,3.58530611814
214,8364003001,836400,3.52399530479
2221,7113001010,711300,0.0
2412,205002003,20500,0.0
1213,2420003007,242000,4.11527131453
1931,8437002003,843700,0.0
524,5304002001,530400,0.0
