,community_area,block,days_from_end,X600,knox600,p.value,X1200,knox1200,p.value.1,X1800,knox1800,p.value.2,X2400,knox2400,p.value.3,X3000,knox3000,p.value.4,expected_value_600,expected_value_1200,expected_value_1800,expected_value_2400,expected_value_3000,Score
2621,50,5001003023,t-2,0,1.66298078,0.01,0,0.54064677,0.01,0,0.443545898,0.01,0,0.49626506,0.22,0,0.418348624,1,0,0,0,0,0,0.00
2622,50,5001003023,t-5,0,1.621756736,0.01,0,1.008875299,0.01,0,0.978677186,0.01,0,0.976901365,0.19,0,0.99806051,1,0,0,0,0,0,0.00
2623,50,5001003023,t-8,0,1.701830737,0.01,0,0.888154675,0.01,0,0.923089187,0.01,0,0.953866933,0.06,0,0.996738996,1,0,0,0,0,0,0.00
2624,50,5001003023,t-11,0,1.630250706,0.01,0,0.820635654,0.01,0,0.883219081,0.01,0,0.935847598,0.07,0,0.994493539,1,0,0,0,0,0,0.00
2625,50,5001003023,t-14,0,1.733649662,0.01,0,0.736676232,0.01,0,0.833436341,0.01,0,0.904615247,0.02,0,0.991181727,1,0,0,0,0,0,0.00
4366,50,5002001020,t-2,0,1.66298078,0.01,0,0.54064677,0.01,1,0.443545898,0.01,0,0.49626506,0.22,2,0.418348624,1,0,0,0.443545898,0,0.836697248,1.28
4367,50,5002001020,t-5,0,1.621756736,0.01,0,1.008875299,0.01,0,0.978677186,0.01,0,0.976901365,0.19,0,0.99806051,1,0,0,0,0,0,0.00
4368,50,5002001020,t-8,0,1.701830737,0.01,0,0.888154675,0.01,0,0.923089187,0.01,0,0.953866933,0.06,1,0.996738996,1,0,0,0,0,0.996738996,1.00
4369,50,5002001020,t-11,0,1.630250706,0.01,1,0.820635654,0.01,0,0.883219081,0.01,1,0.935847598,0.07,1,0.994493539,1,0,0.820635654,0,0.935847598,0.994493539,2.75
4370,50,5002001020,t-14,0,1.733649662,0.01,1,0.736676232,0.01,1,0.833436341,0.01,0,0.904615247,0.02,1,0.991181727,1,0,0.736676232,0.833436341,0,0.991181727,2.56
4856,50,5003002016,t-2,0,1.66298078,0.01,0,0.54064677,0.01,0,0.443545898,0.01,0,0.49626506,0.22,0,0.418348624,1,0,0,0,0,0,0.00
4857,50,5003002016,t-5,0,1.621756736,0.01,0,1.008875299,0.01,0,0.978677186,0.01,0,0.976901365,0.19,0,0.99806051,1,0,0,0,0,0,0.00
4858,50,5003002016,t-8,0,1.701830737,0.01,3,0.888154675,0.01,0,0.923089187,0.01,0,0.953866933,0.06,0,0.996738996,1,0,2.664464025,0,0,0,2.66
4859,50,5003002016,t-11,0,1.630250706,0.01,0,0.820635654,0.01,0,0.883219081,0.01,0,0.935847598,0.07,0,0.994493539,1,0,0,0,0,0,0.00
4860,50,5003002016,t-14,0,1.733649662,0.01,0,0.736676232,0.01,0,0.833436341,0.01,0,0.904615247,0.02,1,0.991181727,1,0,0,0,0,0.991181727,0.99
5261,50,5003002012,t-2,0,1.66298078,0.01,0,0.54064677,0.01,0,0.443545898,0.01,0,0.49626506,0.22,0,0.418348624,1,0,0,0,0,0,0.00
5262,50,5003002012,t-5,0,1.621756736,0.01,0,1.008875299,0.01,0,0.978677186,0.01,0,0.976901365,0.19,0,0.99806051,1,0,0,0,0,0,0.00
5263,50,5003002012,t-8,0,1.701830737,0.01,1,0.888154675,0.01,2,0.923089187,0.01,0,0.953866933,0.06,0,0.996738996,1,0,0.888154675,1.846178374,0,0,2.73
5264,50,5003002012,t-11,0,1.630250706,0.01,0,0.820635654,0.01,0,0.883219081,0.01,0,0.935847598,0.07,0,0.994493539,1,0,0,0,0,0,0.00
5265,50,5003002012,t-14,0,1.733649662,0.01,0,0.736676232,0.01,0,0.833436341,0.01,1,0.904615247,0.02,0,0.991181727,1,0,0,0,0.904615247,0,0.90
8946,50,5002002018,t-2,0,1.66298078,0.01,0,0.54064677,0.01,0,0.443545898,0.01,1,0.49626506,0.22,0,0.418348624,1,0,0,0,0.49626506,0,0.50
8947,50,5002002018,t-5,0,1.621756736,0.01,0,1.008875299,0.01,0,0.978677186,0.01,0,0.976901365,0.19,0,0.99806051,1,0,0,0,0,0,0.00
8948,50,5002002018,t-8,0,1.701830737,0.01,0,0.888154675,0.01,0,0.923089187,0.01,0,0.953866933,0.06,0,0.996738996,1,0,0,0,0,0,0.00
8949,50,5002002018,t-11,1,1.630250706,0.01,0,0.820635654,0.01,0,0.883219081,0.01,1,0.935847598,0.07,0,0.994493539,1,1.63,0,0,0.935847598,0,2.57
8950,50,5002002018,t-14,0,1.733649662,0.01,0,0.736676232,0.01,1,0.833436341,0.01,1,0.904615247,0.02,1,0.991181727,1,0,0,0.833436341,0.904615247,0.991181727,2.73
9431,50,5002002008,t-2,0,1.66298078,0.01,0,0.54064677,0.01,0,0.443545898,0.01,1,0.49626506,0.22,1,0.418348624,1,0,0,0,0.49626506,0.418348624,0.91
9432,50,5002002008,t-5,0,1.621756736,0.01,0,1.008875299,0.01,0,0.978677186,0.01,0,0.976901365,0.19,0,0.99806051,1,0,0,0,0,0,0.00
9433,50,5002002008,t-8,0,1.701830737,0.01,0,0.888154675,0.01,0,0.923089187,0.01,0,0.953866933,0.06,0,0.996738996,1,0,0,0,0,0,0.00
9434,50,5002002008,t-11,1,1.630250706,0.01,0,0.820635654,0.01,0,0.883219081,0.01,1,0.935847598,0.07,0,0.994493539,1,1.63,0,0,0.935847598,0,2.57
9435,50,5002002008,t-14,0,1.733649662,0.01,0,0.736676232,0.01,1,0.833436341,0.01,1,0.904615247,0.02,1,0.991181727,1,0,0,0.833436341,0.904615247,0.991181727,2.73
10556,50,5003001010,t-2,0,1.66298078,0.01,0,0.54064677,0.01,0,0.443545898,0.01,0,0.49626506,0.22,0,0.418348624,1,0,0,0,0,0,0.00
10557,50,5003001010,t-5,0,1.621756736,0.01,0,1.008875299,0.01,0,0.978677186,0.01,0,0.976901365,0.19,0,0.99806051,1,0,0,0,0,0,0.00
10558,50,5003001010,t-8,0,1.701830737,0.01,0,0.888154675,0.01,0,0.923089187,0.01,1,0.953866933,0.06,2,0.996738996,1,0,0,0,0.953866933,1.993477992,2.95
10559,50,5003001010,t-11,0,1.630250706,0.01,0,0.820635654,0.01,0,0.883219081,0.01,0,0.935847598,0.07,0,0.994493539,1,0,0,0,0,0,0.00
10560,50,5003001010,t-14,0,1.733649662,0.01,0,0.736676232,0.01,0,0.833436341,0.01,1,0.904615247,0.02,0,0.991181727,1,0,0,0,0.904615247,0,0.90
15226,50,5003001020,t-2,0,1.66298078,0.01,0,0.54064677,0.01,0,0.443545898,0.01,0,0.49626506,0.22,0,0.418348624,1,0,0,0,0,0,0.00
15227,50,5003001020,t-5,0,1.621756736,0.01,0,1.008875299,0.01,0,0.978677186,0.01,0,0.976901365,0.19,0,0.99806051,1,0,0,0,0,0,0.00
15228,50,5003001020,t-8,0,1.701830737,0.01,0,0.888154675,0.01,2,0.923089187,0.01,1,0.953866933,0.06,0,0.996738996,1,0,0,1.846178374,0.953866933,0,2.80
15229,50,5003001020,t-11,0,1.630250706,0.01,0,0.820635654,0.01,0,0.883219081,0.01,0,0.935847598,0.07,0,0.994493539,1,0,0,0,0,0,0.00
15230,50,5003001020,t-14,0,1.733649662,0.01,0,0.736676232,0.01,0,0.833436341,0.01,0,0.904615247,0.02,0,0.991181727,1,0,0,0,0,0,0.00
16291,50,5001001004,t-2,0,1.66298078,0.01,0,0.54064677,0.01,0,0.443545898,0.01,0,0.49626506,0.22,0,0.418348624,1,0,0,0,0,0,0.00
16292,50,5001001004,t-5,0,1.621756736,0.01,0,1.008875299,0.01,0,0.978677186,0.01,0,0.976901365,0.19,0,0.99806051,1,0,0,0,0,0,0.00
16293,50,5001001004,t-8,0,1.701830737,0.01,0,0.888154675,0.01,0,0.923089187,0.01,0,0.953866933,0.06,0,0.996738996,1,0,0,0,0,0,0.00
16294,50,5001001004,t-11,0,1.630250706,0.01,0,0.820635654,0.01,0,0.883219081,0.01,0,0.935847598,0.07,0,0.994493539,1,0,0,0,0,0,0.00
16295,50,5001001004,t-14,0,1.733649662,0.01,0,0.736676232,0.01,0,0.833436341,0.01,0,0.904615247,0.02,0,0.991181727,1,0,0,0,0,0,0.00
17206,50,5002002023,t-2,0,1.66298078,0.01,0,0.54064677,0.01,0,0.443545898,0.01,1,0.49626506,0.22,0,0.418348624,1,0,0,0,0.49626506,0,0.50
17207,50,5002002023,t-5,0,1.621756736,0.01,0,1.008875299,0.01,0,0.978677186,0.01,0,0.976901365,0.19,0,0.99806051,1,0,0,0,0,0,0.00
17208,50,5002002023,t-8,0,1.701830737,0.01,0,0.888154675,0.01,0,0.923089187,0.01,0,0.953866933,0.06,0,0.996738996,1,0,0,0,0,0,0.00
17209,50,5002002023,t-11,1,1.630250706,0.01,0,0.820635654,0.01,0,0.883219081,0.01,1,0.935847598,0.07,0,0.994493539,1,1.63,0,0,0.935847598,0,2.57
17210,50,5002002023,t-14,0,1.733649662,0.01,0,0.736676232,0.01,0,0.833436341,0.01,1,0.904615247,0.02,2,0.991181727,1,0,0,0,0.904615247,1.982363454,2.89
18276,50,5003002010,t-2,0,1.66298078,0.01,0,0.54064677,0.01,0,0.443545898,0.01,0,0.49626506,0.22,0,0.418348624,1,0,0,0,0,0,0.00
18277,50,5003002010,t-5,0,1.621756736,0.01,0,1.008875299,0.01,0,0.978677186,0.01,0,0.976901365,0.19,0,0.99806051,1,0,0,0,0,0,0.00
18278,50,5003002010,t-8,0,1.701830737,0.01,0,0.888154675,0.01,3,0.923089187,0.01,0,0.953866933,0.06,0,0.996738996,1,0,0,2.769267561,0,0,2.77
18279,50,5003002010,t-11,0,1.630250706,0.01,0,0.820635654,0.01,0,0.883219081,0.01,0,0.935847598,0.07,0,0.994493539,1,0,0,0,0,0,0.00
18280,50,5003002010,t-14,0,1.733649662,0.01,0,0.736676232,0.01,0,0.833436341,0.01,0,0.904615247,0.02,0,0.991181727,1,0,0,0,0,0,0.00
18481,50,5002002020,t-2,0,1.66298078,0.01,0,0.54064677,0.01,0,0.443545898,0.01,1,0.49626506,0.22,1,0.418348624,1,0,0,0,0.49626506,0.418348624,0.91
18482,50,5002002020,t-5,0,1.621756736,0.01,0,1.008875299,0.01,0,0.978677186,0.01,0,0.976901365,0.19,0,0.99806051,1,0,0,0,0,0,0.00
18483,50,5002002020,t-8,0,1.701830737,0.01,0,0.888154675,0.01,0,0.923089187,0.01,0,0.953866933,0.06,0,0.996738996,1,0,0,0,0,0,0.00
18484,50,5002002020,t-11,1,1.630250706,0.01,0,0.820635654,0.01,0,0.883219081,0.01,1,0.935847598,0.07,1,0.994493539,1,1.63,0,0,0.935847598,0.994493539,3.56
18485,50,5002002020,t-14,0,1.733649662,0.01,0,0.736676232,0.01,0,0.833436341,0.01,3,0.904615247,0.02,0,0.991181727,1,0,0,0,2.713845741,0,2.71
20496,50,5002002011,t-2,0,1.66298078,0.01,0,0.54064677,0.01,1,0.443545898,0.01,0,0.49626506,0.22,1,0.418348624,1,0,0,0.443545898,0,0.418348624,0.86
20497,50,5002002011,t-5,0,1.621756736,0.01,0,1.008875299,0.01,0,0.978677186,0.01,0,0.976901365,0.19,0,0.99806051,1,0,0,0,0,0,0.00
20498,50,5002002011,t-8,0,1.701830737,0.01,0,0.888154675,0.01,0,0.923089187,0.01,0,0.953866933,0.06,0,0.996738996,1,0,0,0,0,0,0.00
20499,50,5002002011,t-11,1,1.630250706,0.01,0,0.820635654,0.01,1,0.883219081,0.01,0,0.935847598,0.07,1,0.994493539,1,1.63,0,0.883219081,0,0.994493539,3.51
20500,50,5002002011,t-14,0,1.733649662,0.01,0,0.736676232,0.01,1,0.833436341,0.01,2,0.904615247,0.02,1,0.991181727,1,0,0,0.833436341,1.809230494,0.991181727,3.63
20686,50,5001003012,t-2,0,1.66298078,0.01,0,0.54064677,0.01,0,0.443545898,0.01,0,0.49626506,0.22,0,0.418348624,1,0,0,0,0,0,0.00
20687,50,5001003012,t-5,0,1.621756736,0.01,0,1.008875299,0.01,0,0.978677186,0.01,0,0.976901365,0.19,0,0.99806051,1,0,0,0,0,0,0.00
20688,50,5001003012,t-8,0,1.701830737,0.01,0,0.888154675,0.01,0,0.923089187,0.01,0,0.953866933,0.06,0,0.996738996,1,0,0,0,0,0,0.00
20689,50,5001003012,t-11,0,1.630250706,0.01,0,0.820635654,0.01,0,0.883219081,0.01,0,0.935847598,0.07,0,0.994493539,1,0,0,0,0,0,0.00
20690,50,5001003012,t-14,0,1.733649662,0.01,0,0.736676232,0.01,0,0.833436341,0.01,0,0.904615247,0.02,0,0.991181727,1,0,0,0,0,0,0.00
20856,50,5001004017,t-2,0,1.66298078,0.01,0,0.54064677,0.01,0,0.443545898,0.01,0,0.49626506,0.22,0,0.418348624,1,0,0,0,0,0,0.00
20857,50,5001004017,t-5,0,1.621756736,0.01,0,1.008875299,0.01,0,0.978677186,0.01,0,0.976901365,0.19,0,0.99806051,1,0,0,0,0,0,0.00
20858,50,5001004017,t-8,0,1.701830737,0.01,0,0.888154675,0.01,0,0.923089187,0.01,0,0.953866933,0.06,0,0.996738996,1,0,0,0,0,0,0.00
20859,50,5001004017,t-11,0,1.630250706,0.01,0,0.820635654,0.01,0,0.883219081,0.01,0,0.935847598,0.07,0,0.994493539,1,0,0,0,0,0,0.00
20860,50,5001004017,t-14,0,1.733649662,0.01,0,0.736676232,0.01,0,0.833436341,0.01,0,0.904615247,0.02,0,0.991181727,1,0,0,0,0,0,0.00
22026,50,5002001019,t-2,0,1.66298078,0.01,0,0.54064677,0.01,0,0.443545898,0.01,1,0.49626506,0.22,2,0.418348624,1,0,0,0,0.49626506,0.836697248,1.33
22027,50,5002001019,t-5,0,1.621756736,0.01,0,1.008875299,0.01,0,0.978677186,0.01,0,0.976901365,0.19,0,0.99806051,1,0,0,0,0,0,0.00
22028,50,5002001019,t-8,0,1.701830737,0.01,0,0.888154675,0.01,0,0.923089187,0.01,0,0.953866933,0.06,1,0.996738996,1,0,0,0,0,0.996738996,1.00
22029,50,5002001019,t-11,0,1.630250706,0.01,0,0.820635654,0.01,1,0.883219081,0.01,1,0.935847598,0.07,1,0.994493539,1,0,0,0.883219081,0.935847598,0.994493539,2.81
22030,50,5002001019,t-14,0,1.733649662,0.01,1,0.736676232,0.01,0,0.833436341,0.01,1,0.904615247,0.02,1,0.991181727,1,0,0.736676232,0,0.904615247,0.991181727,2.63
24306,50,5001004015,t-2,0,1.66298078,0.01,0,0.54064677,0.01,0,0.443545898,0.01,0,0.49626506,0.22,0,0.418348624,1,0,0,0,0,0,0.00
24307,50,5001004015,t-5,0,1.621756736,0.01,0,1.008875299,0.01,0,0.978677186,0.01,0,0.976901365,0.19,0,0.99806051,1,0,0,0,0,0,0.00
24308,50,5001004015,t-8,0,1.701830737,0.01,0,0.888154675,0.01,0,0.923089187,0.01,0,0.953866933,0.06,0,0.996738996,1,0,0,0,0,0,0.00
24309,50,5001004015,t-11,0,1.630250706,0.01,0,0.820635654,0.01,0,0.883219081,0.01,0,0.935847598,0.07,0,0.994493539,1,0,0,0,0,0,0.00
24310,50,5001004015,t-14,0,1.733649662,0.01,0,0.736676232,0.01,0,0.833436341,0.01,0,0.904615247,0.02,1,0.991181727,1,0,0,0,0,0.991181727,0.99
24346,50,5003002000,t-2,0,1.66298078,0.01,0,0.54064677,0.01,0,0.443545898,0.01,0,0.49626506,0.22,0,0.418348624,1,0,0,0,0,0,0.00
24347,50,5003002000,t-5,0,1.621756736,0.01,0,1.008875299,0.01,0,0.978677186,0.01,0,0.976901365,0.19,0,0.99806051,1,0,0,0,0,0,0.00
24348,50,5003002000,t-8,0,1.701830737,0.01,0,0.888154675,0.01,1,0.923089187,0.01,1,0.953866933,0.06,1,0.996738996,1,0,0,0.923089187,0.953866933,0.996738996,2.87
24349,50,5003002000,t-11,0,1.630250706,0.01,0,0.820635654,0.01,0,0.883219081,0.01,0,0.935847598,0.07,0,0.994493539,1,0,0,0,0,0,0.00
24350,50,5003002000,t-14,0,1.733649662,0.01,0,0.736676232,0.01,0,0.833436341,0.01,1,0.904615247,0.02,0,0.991181727,1,0,0,0,0.904615247,0,0.90
24406,50,5001002017,t-2,0,1.66298078,0.01,0,0.54064677,0.01,0,0.443545898,0.01,0,0.49626506,0.22,0,0.418348624,1,0,0,0,0,0,0.00
24407,50,5001002017,t-5,0,1.621756736,0.01,0,1.008875299,0.01,0,0.978677186,0.01,0,0.976901365,0.19,0,0.99806051,1,0,0,0,0,0,0.00
24408,50,5001002017,t-8,0,1.701830737,0.01,0,0.888154675,0.01,0,0.923089187,0.01,0,0.953866933,0.06,0,0.996738996,1,0,0,0,0,0,0.00
24409,50,5001002017,t-11,0,1.630250706,0.01,0,0.820635654,0.01,0,0.883219081,0.01,0,0.935847598,0.07,0,0.994493539,1,0,0,0,0,0,0.00
24410,50,5001002017,t-14,0,1.733649662,0.01,0,0.736676232,0.01,0,0.833436341,0.01,0,0.904615247,0.02,0,0.991181727,1,0,0,0,0,0,0.00
24841,50,5001004030,t-2,0,1.66298078,0.01,0,0.54064677,0.01,0,0.443545898,0.01,0,0.49626506,0.22,0,0.418348624,1,0,0,0,0,0,0.00
24842,50,5001004030,t-5,0,1.621756736,0.01,0,1.008875299,0.01,0,0.978677186,0.01,0,0.976901365,0.19,0,0.99806051,1,0,0,0,0,0,0.00
24843,50,5001004030,t-8,0,1.701830737,0.01,0,0.888154675,0.01,0,0.923089187,0.01,0,0.953866933,0.06,0,0.996738996,1,0,0,0,0,0,0.00
24844,50,5001004030,t-11,0,1.630250706,0.01,0,0.820635654,0.01,0,0.883219081,0.01,0,0.935847598,0.07,0,0.994493539,1,0,0,0,0,0,0.00
24845,50,5001004030,t-14,0,1.733649662,0.01,0,0.736676232,0.01,0,0.833436341,0.01,1,0.904615247,0.02,0,0.991181727,1,0,0,0,0.904615247,0,0.90
25936,50,5002002005,t-2,0,1.66298078,0.01,0,0.54064677,0.01,0,0.443545898,0.01,0,0.49626506,0.22,0,0.418348624,1,0,0,0,0,0,0.00
25937,50,5002002005,t-5,0,1.621756736,0.01,0,1.008875299,0.01,0,0.978677186,0.01,0,0.976901365,0.19,0,0.99806051,1,0,0,0,0,0,0.00
25938,50,5002002005,t-8,0,1.701830737,0.01,0,0.888154675,0.01,0,0.923089187,0.01,0,0.953866933,0.06,0,0.996738996,1,0,0,0,0,0,0.00
25939,50,5002002005,t-11,0,1.630250706,0.01,0,0.820635654,0.01,0,0.883219081,0.01,1,0.935847598,0.07,0,0.994493539,1,0,0,0,0.935847598,0,0.94
25940,50,5002002005,t-14,0,1.733649662,0.01,0,0.736676232,0.01,0,0.833436341,0.01,0,0.904615247,0.02,0,0.991181727,1,0,0,0,0,0,0.00
25941,50,5001003024,t-2,0,1.66298078,0.01,0,0.54064677,0.01,0,0.443545898,0.01,0,0.49626506,0.22,0,0.418348624,1,0,0,0,0,0,0.00
25942,50,5001003024,t-5,0,1.621756736,0.01,0,1.008875299,0.01,0,0.978677186,0.01,0,0.976901365,0.19,0,0.99806051,1,0,0,0,0,0,0.00
25943,50,5001003024,t-8,0,1.701830737,0.01,0,0.888154675,0.01,0,0.923089187,0.01,0,0.953866933,0.06,0,0.996738996,1,0,0,0,0,0,0.00
25944,50,5001003024,t-11,0,1.630250706,0.01,0,0.820635654,0.01,0,0.883219081,0.01,0,0.935847598,0.07,0,0.994493539,1,0,0,0,0,0,0.00
25945,50,5001003024,t-14,0,1.733649662,0.01,0,0.736676232,0.01,0,0.833436341,0.01,0,0.904615247,0.02,0,0.991181727,1,0,0,0,0,0,0.00
26166,50,5001002014,t-2,0,1.66298078,0.01,0,0.54064677,0.01,0,0.443545898,0.01,0,0.49626506,0.22,0,0.418348624,1,0,0,0,0,0,0.00
26167,50,5001002014,t-5,0,1.621756736,0.01,0,1.008875299,0.01,0,0.978677186,0.01,0,0.976901365,0.19,0,0.99806051,1,0,0,0,0,0,0.00
26168,50,5001002014,t-8,0,1.701830737,0.01,0,0.888154675,0.01,0,0.923089187,0.01,0,0.953866933,0.06,0,0.996738996,1,0,0,0,0,0,0.00
26169,50,5001002014,t-11,0,1.630250706,0.01,0,0.820635654,0.01,0,0.883219081,0.01,0,0.935847598,0.07,0,0.994493539,1,0,0,0,0,0,0.00
26170,50,5001002014,t-14,0,1.733649662,0.01,0,0.736676232,0.01,0,0.833436341,0.01,0,0.904615247,0.02,0,0.991181727,1,0,0,0,0,0,0.00
26291,50,5003002023,t-2,0,1.66298078,0.01,0,0.54064677,0.01,0,0.443545898,0.01,0,0.49626506,0.22,0,0.418348624,1,0,0,0,0,0,0.00
26292,50,5003002023,t-5,0,1.621756736,0.01,0,1.008875299,0.01,0,0.978677186,0.01,0,0.976901365,0.19,0,0.99806051,1,0,0,0,0,0,0.00
26293,50,5003002023,t-8,0,1.701830737,0.01,2,0.888154675,0.01,1,0.923089187,0.01,0,0.953866933,0.06,0,0.996738996,1,0,1.77630935,0.923089187,0,0,2.70
26294,50,5003002023,t-11,0,1.630250706,0.01,0,0.820635654,0.01,0,0.883219081,0.01,0,0.935847598,0.07,0,0.994493539,1,0,0,0,0,0,0.00
26295,50,5003002023,t-14,0,1.733649662,0.01,0,0.736676232,0.01,0,0.833436341,0.01,0,0.904615247,0.02,0,0.991181727,1,0,0,0,0,0,0.00
26826,50,5003001013,t-2,0,1.66298078,0.01,0,0.54064677,0.01,0,0.443545898,0.01,0,0.49626506,0.22,0,0.418348624,1,0,0,0,0,0,0.00
26827,50,5003001013,t-5,0,1.621756736,0.01,0,1.008875299,0.01,0,0.978677186,0.01,0,0.976901365,0.19,0,0.99806051,1,0,0,0,0,0,0.00
26828,50,5003001013,t-8,0,1.701830737,0.01,0,0.888154675,0.01,0,0.923089187,0.01,3,0.953866933,0.06,0,0.996738996,1,0,0,0,2.861600799,0,2.86
26829,50,5003001013,t-11,0,1.630250706,0.01,0,0.820635654,0.01,0,0.883219081,0.01,0,0.935847598,0.07,0,0.994493539,1,0,0,0,0,0,0.00
26830,50,5003001013,t-14,0,1.733649662,0.01,0,0.736676232,0.01,0,0.833436341,0.01,0,0.904615247,0.02,0,0.991181727,1,0,0,0,0,0,0.00
29061,50,5001001016,t-2,0,1.66298078,0.01,0,0.54064677,0.01,0,0.443545898,0.01,0,0.49626506,0.22,0,0.418348624,1,0,0,0,0,0,0.00
29062,50,5001001016,t-5,0,1.621756736,0.01,0,1.008875299,0.01,0,0.978677186,0.01,0,0.976901365,0.19,0,0.99806051,1,0,0,0,0,0,0.00
29063,50,5001001016,t-8,0,1.701830737,0.01,0,0.888154675,0.01,0,0.923089187,0.01,0,0.953866933,0.06,0,0.996738996,1,0,0,0,0,0,0.00
29064,50,5001001016,t-11,0,1.630250706,0.01,0,0.820635654,0.01,0,0.883219081,0.01,0,0.935847598,0.07,0,0.994493539,1,0,0,0,0,0,0.00
29065,50,5001001016,t-14,0,1.733649662,0.01,0,0.736676232,0.01,0,0.833436341,0.01,0,0.904615247,0.02,0,0.991181727,1,0,0,0,0,0,0.00
30211,50,5001003006,t-2,0,1.66298078,0.01,0,0.54064677,0.01,0,0.443545898,0.01,0,0.49626506,0.22,0,0.418348624,1,0,0,0,0,0,0.00
30212,50,5001003006,t-5,0,1.621756736,0.01,0,1.008875299,0.01,0,0.978677186,0.01,0,0.976901365,0.19,0,0.99806051,1,0,0,0,0,0,0.00
30213,50,5001003006,t-8,0,1.701830737,0.01,0,0.888154675,0.01,0,0.923089187,0.01,0,0.953866933,0.06,0,0.996738996,1,0,0,0,0,0,0.00
30214,50,5001003006,t-11,0,1.630250706,0.01,0,0.820635654,0.01,0,0.883219081,0.01,0,0.935847598,0.07,0,0.994493539,1,0,0,0,0,0,0.00
30215,50,5001003006,t-14,0,1.733649662,0.01,0,0.736676232,0.01,0,0.833436341,0.01,0,0.904615247,0.02,0,0.991181727,1,0,0,0,0,0,0.00
30751,50,5002001014,t-2,0,1.66298078,0.01,0,0.54064677,0.01,0,0.443545898,0.01,0,0.49626506,0.22,1,0.418348624,1,0,0,0,0,0.418348624,0.42
30752,50,5002001014,t-5,0,1.621756736,0.01,0,1.008875299,0.01,0,0.978677186,0.01,0,0.976901365,0.19,0,0.99806051,1,0,0,0,0,0,0.00
30753,50,5002001014,t-8,0,1.701830737,0.01,0,0.888154675,0.01,0,0.923089187,0.01,0,0.953866933,0.06,0,0.996738996,1,0,0,0,0,0,0.00
30754,50,5002001014,t-11,0,1.630250706,0.01,0,0.820635654,0.01,0,0.883219081,0.01,1,0.935847598,0.07,1,0.994493539,1,0,0,0,0.935847598,0.994493539,1.93
30755,50,5002001014,t-14,0,1.733649662,0.01,0,0.736676232,0.01,1,0.833436341,0.01,0,0.904615247,0.02,1,0.991181727,1,0,0,0.833436341,0,0.991181727,1.82
31191,50,5002001002,t-2,0,1.66298078,0.01,0,0.54064677,0.01,0,0.443545898,0.01,0,0.49626506,0.22,1,0.418348624,1,0,0,0,0,0.418348624,0.42
31192,50,5002001002,t-5,0,1.621756736,0.01,0,1.008875299,0.01,0,0.978677186,0.01,0,0.976901365,0.19,0,0.99806051,1,0,0,0,0,0,0.00
31193,50,5002001002,t-8,0,1.701830737,0.01,0,0.888154675,0.01,0,0.923089187,0.01,0,0.953866933,0.06,0,0.996738996,1,0,0,0,0,0,0.00
31194,50,5002001002,t-11,0,1.630250706,0.01,0,0.820635654,0.01,0,0.883219081,0.01,1,0.935847598,0.07,0,0.994493539,1,0,0,0,0.935847598,0,0.94
31195,50,5002001002,t-14,0,1.733649662,0.01,0,0.736676232,0.01,1,0.833436341,0.01,0,0.904615247,0.02,1,0.991181727,1,0,0,0.833436341,0,0.991181727,1.82
31571,50,5001001005,t-2,0,1.66298078,0.01,0,0.54064677,0.01,0,0.443545898,0.01,0,0.49626506,0.22,0,0.418348624,1,0,0,0,0,0,0.00
31572,50,5001001005,t-5,0,1.621756736,0.01,0,1.008875299,0.01,0,0.978677186,0.01,0,0.976901365,0.19,0,0.99806051,1,0,0,0,0,0,0.00
31573,50,5001001005,t-8,0,1.701830737,0.01,0,0.888154675,0.01,0,0.923089187,0.01,0,0.953866933,0.06,0,0.996738996,1,0,0,0,0,0,0.00
31574,50,5001001005,t-11,0,1.630250706,0.01,0,0.820635654,0.01,0,0.883219081,0.01,0,0.935847598,0.07,0,0.994493539,1,0,0,0,0,0,0.00
31575,50,5001001005,t-14,0,1.733649662,0.01,0,0.736676232,0.01,0,0.833436341,0.01,0,0.904615247,0.02,0,0.991181727,1,0,0,0,0,0,0.00
32766,50,5001001007,t-2,0,1.66298078,0.01,0,0.54064677,0.01,0,0.443545898,0.01,0,0.49626506,0.22,0,0.418348624,1,0,0,0,0,0,0.00
32767,50,5001001007,t-5,0,1.621756736,0.01,0,1.008875299,0.01,0,0.978677186,0.01,0,0.976901365,0.19,1,0.99806051,1,0,0,0,0,0.99806051,1.00
32768,50,5001001007,t-8,0,1.701830737,0.01,0,0.888154675,0.01,0,0.923089187,0.01,0,0.953866933,0.06,0,0.996738996,1,0,0,0,0,0,0.00
32769,50,5001001007,t-11,0,1.630250706,0.01,0,0.820635654,0.01,0,0.883219081,0.01,0,0.935847598,0.07,0,0.994493539,1,0,0,0,0,0,0.00
32770,50,5001001007,t-14,0,1.733649662,0.01,0,0.736676232,0.01,0,0.833436341,0.01,0,0.904615247,0.02,0,0.991181727,1,0,0,0,0,0,0.00
37601,50,5003002014,t-2,0,1.66298078,0.01,0,0.54064677,0.01,0,0.443545898,0.01,0,0.49626506,0.22,0,0.418348624,1,0,0,0,0,0,0.00
37602,50,5003002014,t-5,0,1.621756736,0.01,0,1.008875299,0.01,0,0.978677186,0.01,0,0.976901365,0.19,0,0.99806051,1,0,0,0,0,0,0.00
37603,50,5003002014,t-8,0,1.701830737,0.01,0,0.888154675,0.01,3,0.923089187,0.01,0,0.953866933,0.06,0,0.996738996,1,0,0,2.769267561,0,0,2.77
37604,50,5003002014,t-11,0,1.630250706,0.01,0,0.820635654,0.01,0,0.883219081,0.01,0,0.935847598,0.07,0,0.994493539,1,0,0,0,0,0,0.00
37605,50,5003002014,t-14,0,1.733649662,0.01,0,0.736676232,0.01,0,0.833436341,0.01,0,0.904615247,0.02,0,0.991181727,1,0,0,0,0,0,0.00
37981,50,5001003025,t-2,0,1.66298078,0.01,0,0.54064677,0.01,0,0.443545898,0.01,0,0.49626506,0.22,0,0.418348624,1,0,0,0,0,0,0.00
37982,50,5001003025,t-5,0,1.621756736,0.01,0,1.008875299,0.01,0,0.978677186,0.01,0,0.976901365,0.19,0,0.99806051,1,0,0,0,0,0,0.00
37983,50,5001003025,t-8,0,1.701830737,0.01,0,0.888154675,0.01,0,0.923089187,0.01,0,0.953866933,0.06,0,0.996738996,1,0,0,0,0,0,0.00
37984,50,5001003025,t-11,0,1.630250706,0.01,0,0.820635654,0.01,0,0.883219081,0.01,0,0.935847598,0.07,0,0.994493539,1,0,0,0,0,0,0.00
37985,50,5001003025,t-14,0,1.733649662,0.01,0,0.736676232,0.01,0,0.833436341,0.01,0,0.904615247,0.02,0,0.991181727,1,0,0,0,0,0,0.00
38521,50,5002002017,t-2,0,1.66298078,0.01,0,0.54064677,0.01,0,0.443545898,0.01,1,0.49626506,0.22,0,0.418348624,1,0,0,0,0.49626506,0,0.50
38522,50,5002002017,t-5,0,1.621756736,0.01,0,1.008875299,0.01,0,0.978677186,0.01,0,0.976901365,0.19,0,0.99806051,1,0,0,0,0,0,0.00
38523,50,5002002017,t-8,0,1.701830737,0.01,0,0.888154675,0.01,0,0.923089187,0.01,0,0.953866933,0.06,0,0.996738996,1,0,0,0,0,0,0.00
38524,50,5002002017,t-11,0,1.630250706,0.01,1,0.820635654,0.01,0,0.883219081,0.01,1,0.935847598,0.07,0,0.994493539,1,0,0.820635654,0,0.935847598,0,1.76
38525,50,5002002017,t-14,0,1.733649662,0.01,0,0.736676232,0.01,1,0.833436341,0.01,1,0.904615247,0.02,1,0.991181727,1,0,0,0.833436341,0.904615247,0.991181727,2.73
40931,50,5003001007,t-2,0,1.66298078,0.01,0,0.54064677,0.01,0,0.443545898,0.01,0,0.49626506,0.22,0,0.418348624,1,0,0,0,0,0,0.00
40932,50,5003001007,t-5,0,1.621756736,0.01,0,1.008875299,0.01,0,0.978677186,0.01,0,0.976901365,0.19,0,0.99806051,1,0,0,0,0,0,0.00
40933,50,5003001007,t-8,0,1.701830737,0.01,0,0.888154675,0.01,0,0.923089187,0.01,2,0.953866933,0.06,1,0.996738996,1,0,0,0,1.907733866,0.996738996,2.90
40934,50,5003001007,t-11,0,1.630250706,0.01,0,0.820635654,0.01,0,0.883219081,0.01,0,0.935847598,0.07,0,0.994493539,1,0,0,0,0,0,0.00
40935,50,5003001007,t-14,0,1.733649662,0.01,0,0.736676232,0.01,0,0.833436341,0.01,0,0.904615247,0.02,1,0.991181727,1,0,0,0,0,0.991181727,0.99
42286,50,5002001007,t-2,0,1.66298078,0.01,0,0.54064677,0.01,0,0.443545898,0.01,1,0.49626506,0.22,2,0.418348624,1,0,0,0,0.49626506,0.836697248,1.33
42287,50,5002001007,t-5,0,1.621756736,0.01,0,1.008875299,0.01,0,0.978677186,0.01,0,0.976901365,0.19,0,0.99806051,1,0,0,0,0,0,0.00
42288,50,5002001007,t-8,0,1.701830737,0.01,0,0.888154675,0.01,0,0.923089187,0.01,1,0.953866933,0.06,0,0.996738996,1,0,0,0,0.953866933,0,0.95
42289,50,5002001007,t-11,0,1.630250706,0.01,0,0.820635654,0.01,0,0.883219081,0.01,2,0.935847598,0.07,1,0.994493539,1,0,0,0,1.871695196,0.994493539,2.87
42290,50,5002001007,t-14,1,1.733649662,0.01,0,0.736676232,0.01,0,0.833436341,0.01,1,0.904615247,0.02,1,0.991181727,1,1.73,0,0,0.904615247,0.991181727,3.63
45001,50,5001003003,t-2,0,1.66298078,0.01,0,0.54064677,0.01,0,0.443545898,0.01,0,0.49626506,0.22,0,0.418348624,1,0,0,0,0,0,0.00
45002,50,5001003003,t-5,0,1.621756736,0.01,0,1.008875299,0.01,0,0.978677186,0.01,0,0.976901365,0.19,1,0.99806051,1,0,0,0,0,0.99806051,1.00
45003,50,5001003003,t-8,0,1.701830737,0.01,0,0.888154675,0.01,0,0.923089187,0.01,0,0.953866933,0.06,0,0.996738996,1,0,0,0,0,0,0.00
45004,50,5001003003,t-11,0,1.630250706,0.01,0,0.820635654,0.01,0,0.883219081,0.01,0,0.935847598,0.07,0,0.994493539,1,0,0,0,0,0,0.00
45005,50,5001003003,t-14,0,1.733649662,0.01,0,0.736676232,0.01,0,0.833436341,0.01,0,0.904615247,0.02,0,0.991181727,1,0,0,0,0,0,0.00
45641,50,5001001018,t-2,0,1.66298078,0.01,0,0.54064677,0.01,0,0.443545898,0.01,0,0.49626506,0.22,0,0.418348624,1,0,0,0,0,0,0.00
45642,50,5001001018,t-5,0,1.621756736,0.01,0,1.008875299,0.01,0,0.978677186,0.01,0,0.976901365,0.19,1,0.99806051,1,0,0,0,0,0.99806051,1.00
45643,50,5001001018,t-8,0,1.701830737,0.01,0,0.888154675,0.01,0,0.923089187,0.01,0,0.953866933,0.06,0,0.996738996,1,0,0,0,0,0,0.00
45644,50,5001001018,t-11,0,1.630250706,0.01,0,0.820635654,0.01,0,0.883219081,0.01,0,0.935847598,0.07,0,0.994493539,1,0,0,0,0,0,0.00
45645,50,5001001018,t-14,0,1.733649662,0.01,0,0.736676232,0.01,0,0.833436341,0.01,0,0.904615247,0.02,0,0.991181727,1,0,0,0,0,0,0.00
45721,50,5002001023,t-2,0,1.66298078,0.01,0,0.54064677,0.01,0,0.443545898,0.01,0,0.49626506,0.22,1,0.418348624,1,0,0,0,0,0.418348624,0.42
45722,50,5002001023,t-5,0,1.621756736,0.01,0,1.008875299,0.01,0,0.978677186,0.01,0,0.976901365,0.19,0,0.99806051,1,0,0,0,0,0,0.00
45723,50,5002001023,t-8,0,1.701830737,0.01,0,0.888154675,0.01,0,0.923089187,0.01,0,0.953866933,0.06,0,0.996738996,1,0,0,0,0,0,0.00
45724,50,5002001023,t-11,0,1.630250706,0.01,0,0.820635654,0.01,1,0.883219081,0.01,0,0.935847598,0.07,1,0.994493539,1,0,0,0.883219081,0,0.994493539,1.88
45725,50,5002001023,t-14,0,1.733649662,0.01,0,0.736676232,0.01,1,0.833436341,0.01,0,0.904615247,0.02,1,0.991181727,1,0,0,0.833436341,0,0.991181727,1.82
47451,50,5002001006,t-2,0,1.66298078,0.01,0,0.54064677,0.01,0,0.443545898,0.01,0,0.49626506,0.22,2,0.418348624,1,0,0,0,0,0.836697248,0.84
47452,50,5002001006,t-5,0,1.621756736,0.01,0,1.008875299,0.01,0,0.978677186,0.01,0,0.976901365,0.19,0,0.99806051,1,0,0,0,0,0,0.00
47453,50,5002001006,t-8,0,1.701830737,0.01,0,0.888154675,0.01,0,0.923089187,0.01,1,0.953866933,0.06,0,0.996738996,1,0,0,0,0.953866933,0,0.95
47454,50,5002001006,t-11,0,1.630250706,0.01,0,0.820635654,0.01,0,0.883219081,0.01,0,0.935847598,0.07,3,0.994493539,1,0,0,0,0,2.983480617,2.98
47455,50,5002001006,t-14,0,1.733649662,0.01,1,0.736676232,0.01,0,0.833436341,0.01,0,0.904615247,0.02,2,0.991181727,1,0,0.736676232,0,0,1.982363454,2.72
47461,50,5001002013,t-2,0,1.66298078,0.01,0,0.54064677,0.01,0,0.443545898,0.01,0,0.49626506,0.22,0,0.418348624,1,0,0,0,0,0,0.00
47462,50,5001002013,t-5,0,1.621756736,0.01,0,1.008875299,0.01,0,0.978677186,0.01,0,0.976901365,0.19,0,0.99806051,1,0,0,0,0,0,0.00
47463,50,5001002013,t-8,0,1.701830737,0.01,0,0.888154675,0.01,0,0.923089187,0.01,0,0.953866933,0.06,0,0.996738996,1,0,0,0,0,0,0.00
47464,50,5001002013,t-11,0,1.630250706,0.01,0,0.820635654,0.01,0,0.883219081,0.01,0,0.935847598,0.07,0,0.994493539,1,0,0,0,0,0,0.00
47465,50,5001002013,t-14,0,1.733649662,0.01,0,0.736676232,0.01,0,0.833436341,0.01,0,0.904615247,0.02,0,0.991181727,1,0,0,0,0,0,0.00
48016,50,5001003008,t-2,0,1.66298078,0.01,0,0.54064677,0.01,0,0.443545898,0.01,0,0.49626506,0.22,0,0.418348624,1,0,0,0,0,0,0.00
48017,50,5001003008,t-5,0,1.621756736,0.01,0,1.008875299,0.01,0,0.978677186,0.01,0,0.976901365,0.19,0,0.99806051,1,0,0,0,0,0,0.00
48018,50,5001003008,t-8,0,1.701830737,0.01,0,0.888154675,0.01,0,0.923089187,0.01,0,0.953866933,0.06,0,0.996738996,1,0,0,0,0,0,0.00
48019,50,5001003008,t-11,0,1.630250706,0.01,0,0.820635654,0.01,0,0.883219081,0.01,0,0.935847598,0.07,0,0.994493539,1,0,0,0,0,0,0.00
48020,50,5001003008,t-14,0,1.733649662,0.01,0,0.736676232,0.01,0,0.833436341,0.01,0,0.904615247,0.02,0,0.991181727,1,0,0,0,0,0,0.00
49206,50,5002001005,t-2,0,1.66298078,0.01,0,0.54064677,0.01,0,0.443545898,0.01,0,0.49626506,0.22,1,0.418348624,1,0,0,0,0,0.418348624,0.42
49207,50,5002001005,t-5,0,1.621756736,0.01,0,1.008875299,0.01,0,0.978677186,0.01,0,0.976901365,0.19,0,0.99806051,1,0,0,0,0,0,0.00
49208,50,5002001005,t-8,0,1.701830737,0.01,0,0.888154675,0.01,0,0.923089187,0.01,0,0.953866933,0.06,1,0.996738996,1,0,0,0,0,0.996738996,1.00
49209,50,5002001005,t-11,0,1.630250706,0.01,0,0.820635654,0.01,0,0.883219081,0.01,0,0.935847598,0.07,1,0.994493539,1,0,0,0,0,0.994493539,0.99
49210,50,5002001005,t-14,0,1.733649662,0.01,1,0.736676232,0.01,0,0.833436341,0.01,0,0.904615247,0.02,1,0.991181727,1,0,0.736676232,0,0,0.991181727,1.73
49846,50,5001003004,t-2,0,1.66298078,0.01,0,0.54064677,0.01,0,0.443545898,0.01,0,0.49626506,0.22,0,0.418348624,1,0,0,0,0,0,0.00
49847,50,5001003004,t-5,0,1.621756736,0.01,0,1.008875299,0.01,0,0.978677186,0.01,0,0.976901365,0.19,0,0.99806051,1,0,0,0,0,0,0.00
49848,50,5001003004,t-8,0,1.701830737,0.01,0,0.888154675,0.01,0,0.923089187,0.01,0,0.953866933,0.06,0,0.996738996,1,0,0,0,0,0,0.00
49849,50,5001003004,t-11,0,1.630250706,0.01,0,0.820635654,0.01,0,0.883219081,0.01,0,0.935847598,0.07,0,0.994493539,1,0,0,0,0,0,0.00
49850,50,5001003004,t-14,0,1.733649662,0.01,0,0.736676232,0.01,0,0.833436341,0.01,0,0.904615247,0.02,0,0.991181727,1,0,0,0,0,0,0.00
52576,50,5001001011,t-2,0,1.66298078,0.01,0,0.54064677,0.01,0,0.443545898,0.01,0,0.49626506,0.22,0,0.418348624,1,0,0,0,0,0,0.00
52577,50,5001001011,t-5,0,1.621756736,0.01,0,1.008875299,0.01,0,0.978677186,0.01,0,0.976901365,0.19,0,0.99806051,1,0,0,0,0,0,0.00
52578,50,5001001011,t-8,0,1.701830737,0.01,0,0.888154675,0.01,0,0.923089187,0.01,0,0.953866933,0.06,0,0.996738996,1,0,0,0,0,0,0.00
52579,50,5001001011,t-11,0,1.630250706,0.01,0,0.820635654,0.01,0,0.883219081,0.01,0,0.935847598,0.07,0,0.994493539,1,0,0,0,0,0,0.00
52580,50,5001001011,t-14,0,1.733649662,0.01,0,0.736676232,0.01,0,0.833436341,0.01,0,0.904615247,0.02,0,0.991181727,1,0,0,0,0,0,0.00
53086,50,5002002019,t-2,0,1.66298078,0.01,0,0.54064677,0.01,0,0.443545898,0.01,1,0.49626506,0.22,0,0.418348624,1,0,0,0,0.49626506,0,0.50
53087,50,5002002019,t-5,0,1.621756736,0.01,0,1.008875299,0.01,0,0.978677186,0.01,0,0.976901365,0.19,0,0.99806051,1,0,0,0,0,0,0.00
53088,50,5002002019,t-8,0,1.701830737,0.01,0,0.888154675,0.01,0,0.923089187,0.01,0,0.953866933,0.06,0,0.996738996,1,0,0,0,0,0,0.00
53089,50,5002002019,t-11,1,1.630250706,0.01,0,0.820635654,0.01,0,0.883219081,0.01,1,0.935847598,0.07,0,0.994493539,1,1.63,0,0,0.935847598,0,2.57
53090,50,5002002019,t-14,0,1.733649662,0.01,0,0.736676232,0.01,0,0.833436341,0.01,2,0.904615247,0.02,1,0.991181727,1,0,0,0,1.809230494,0.991181727,2.80
55616,50,5002002021,t-2,0,1.66298078,0.01,0,0.54064677,0.01,0,0.443545898,0.01,1,0.49626506,0.22,1,0.418348624,1,0,0,0,0.49626506,0.418348624,0.91
55617,50,5002002021,t-5,0,1.621756736,0.01,0,1.008875299,0.01,0,0.978677186,0.01,0,0.976901365,0.19,0,0.99806051,1,0,0,0,0,0,0.00
55618,50,5002002021,t-8,0,1.701830737,0.01,0,0.888154675,0.01,0,0.923089187,0.01,0,0.953866933,0.06,0,0.996738996,1,0,0,0,0,0,0.00
55619,50,5002002021,t-11,1,1.630250706,0.01,0,0.820635654,0.01,0,0.883219081,0.01,1,0.935847598,0.07,0,0.994493539,1,1.63,0,0,0.935847598,0,2.57
55620,50,5002002021,t-14,0,1.733649662,0.01,0,0.736676232,0.01,0,0.833436341,0.01,2,0.904615247,0.02,1,0.991181727,1,0,0,0,1.809230494,0.991181727,2.80
56281,50,5002002007,t-2,0,1.66298078,0.01,0,0.54064677,0.01,0,0.443545898,0.01,0,0.49626506,0.22,0,0.418348624,1,0,0,0,0,0,0.00
56282,50,5002002007,t-5,0,1.621756736,0.01,0,1.008875299,0.01,0,0.978677186,0.01,0,0.976901365,0.19,0,0.99806051,1,0,0,0,0,0,0.00
56283,50,5002002007,t-8,0,1.701830737,0.01,0,0.888154675,0.01,0,0.923089187,0.01,0,0.953866933,0.06,1,0.996738996,1,0,0,0,0,0.996738996,1.00
56284,50,5002002007,t-11,0,1.630250706,0.01,0,0.820635654,0.01,0,0.883219081,0.01,1,0.935847598,0.07,0,0.994493539,1,0,0,0,0.935847598,0,0.94
56285,50,5002002007,t-14,0,1.733649662,0.01,0,0.736676232,0.01,1,0.833436341,0.01,0,0.904615247,0.02,0,0.991181727,1,0,0,0.833436341,0,0,0.83
56946,50,5001003001,t-2,0,1.66298078,0.01,0,0.54064677,0.01,0,0.443545898,0.01,0,0.49626506,0.22,0,0.418348624,1,0,0,0,0,0,0.00
56947,50,5001003001,t-5,0,1.621756736,0.01,0,1.008875299,0.01,0,0.978677186,0.01,0,0.976901365,0.19,1,0.99806051,1,0,0,0,0,0.99806051,1.00
56948,50,5001003001,t-8,0,1.701830737,0.01,0,0.888154675,0.01,0,0.923089187,0.01,0,0.953866933,0.06,0,0.996738996,1,0,0,0,0,0,0.00
56949,50,5001003001,t-11,0,1.630250706,0.01,0,0.820635654,0.01,0,0.883219081,0.01,0,0.935847598,0.07,0,0.994493539,1,0,0,0,0,0,0.00
56950,50,5001003001,t-14,0,1.733649662,0.01,0,0.736676232,0.01,0,0.833436341,0.01,0,0.904615247,0.02,0,0.991181727,1,0,0,0,0,0,0.00
58441,50,5001001020,t-2,0,1.66298078,0.01,0,0.54064677,0.01,0,0.443545898,0.01,0,0.49626506,0.22,0,0.418348624,1,0,0,0,0,0,0.00
58442,50,5001001020,t-5,0,1.621756736,0.01,0,1.008875299,0.01,0,0.978677186,0.01,0,0.976901365,0.19,0,0.99806051,1,0,0,0,0,0,0.00
58443,50,5001001020,t-8,0,1.701830737,0.01,0,0.888154675,0.01,0,0.923089187,0.01,0,0.953866933,0.06,0,0.996738996,1,0,0,0,0,0,0.00
58444,50,5001001020,t-11,0,1.630250706,0.01,0,0.820635654,0.01,0,0.883219081,0.01,0,0.935847598,0.07,0,0.994493539,1,0,0,0,0,0,0.00
58445,50,5001001020,t-14,0,1.733649662,0.01,0,0.736676232,0.01,0,0.833436341,0.01,0,0.904615247,0.02,0,0.991181727,1,0,0,0,0,0,0.00
58496,50,5001002018,t-2,0,1.66298078,0.01,0,0.54064677,0.01,0,0.443545898,0.01,0,0.49626506,0.22,0,0.418348624,1,0,0,0,0,0,0.00
58497,50,5001002018,t-5,0,1.621756736,0.01,0,1.008875299,0.01,0,0.978677186,0.01,0,0.976901365,0.19,0,0.99806051,1,0,0,0,0,0,0.00
58498,50,5001002018,t-8,0,1.701830737,0.01,0,0.888154675,0.01,0,0.923089187,0.01,0,0.953866933,0.06,0,0.996738996,1,0,0,0,0,0,0.00
58499,50,5001002018,t-11,0,1.630250706,0.01,0,0.820635654,0.01,0,0.883219081,0.01,0,0.935847598,0.07,0,0.994493539,1,0,0,0,0,0,0.00
58500,50,5001002018,t-14,0,1.733649662,0.01,0,0.736676232,0.01,0,0.833436341,0.01,0,0.904615247,0.02,0,0.991181727,1,0,0,0,0,0,0.00
58676,50,5003001011,t-2,0,1.66298078,0.01,0,0.54064677,0.01,0,0.443545898,0.01,0,0.49626506,0.22,0,0.418348624,1,0,0,0,0,0,0.00
58677,50,5003001011,t-5,0,1.621756736,0.01,0,1.008875299,0.01,0,0.978677186,0.01,0,0.976901365,0.19,0,0.99806051,1,0,0,0,0,0,0.00
58678,50,5003001011,t-8,0,1.701830737,0.01,0,0.888154675,0.01,1,0.923089187,0.01,2,0.953866933,0.06,0,0.996738996,1,0,0,0.923089187,1.907733866,0,2.83
58679,50,5003001011,t-11,0,1.630250706,0.01,0,0.820635654,0.01,0,0.883219081,0.01,0,0.935847598,0.07,0,0.994493539,1,0,0,0,0,0,0.00
58680,50,5003001011,t-14,0,1.733649662,0.01,0,0.736676232,0.01,0,0.833436341,0.01,0,0.904615247,0.02,1,0.991181727,1,0,0,0,0,0.991181727,0.99
60256,50,5001002020,t-2,0,1.66298078,0.01,0,0.54064677,0.01,0,0.443545898,0.01,0,0.49626506,0.22,0,0.418348624,1,0,0,0,0,0,0.00
60257,50,5001002020,t-5,0,1.621756736,0.01,0,1.008875299,0.01,0,0.978677186,0.01,0,0.976901365,0.19,0,0.99806051,1,0,0,0,0,0,0.00
60258,50,5001002020,t-8,0,1.701830737,0.01,0,0.888154675,0.01,0,0.923089187,0.01,0,0.953866933,0.06,0,0.996738996,1,0,0,0,0,0,0.00
60259,50,5001002020,t-11,0,1.630250706,0.01,0,0.820635654,0.01,0,0.883219081,0.01,0,0.935847598,0.07,0,0.994493539,1,0,0,0,0,0,0.00
60260,50,5001002020,t-14,0,1.733649662,0.01,0,0.736676232,0.01,0,0.833436341,0.01,0,0.904615247,0.02,0,0.991181727,1,0,0,0,0,0,0.00
60906,50,5001003014,t-2,0,1.66298078,0.01,0,0.54064677,0.01,0,0.443545898,0.01,0,0.49626506,0.22,0,0.418348624,1,0,0,0,0,0,0.00
60907,50,5001003014,t-5,0,1.621756736,0.01,0,1.008875299,0.01,0,0.978677186,0.01,0,0.976901365,0.19,0,0.99806051,1,0,0,0,0,0,0.00
60908,50,5001003014,t-8,0,1.701830737,0.01,0,0.888154675,0.01,0,0.923089187,0.01,0,0.953866933,0.06,0,0.996738996,1,0,0,0,0,0,0.00
60909,50,5001003014,t-11,0,1.630250706,0.01,0,0.820635654,0.01,0,0.883219081,0.01,0,0.935847598,0.07,0,0.994493539,1,0,0,0,0,0,0.00
60910,50,5001003014,t-14,0,1.733649662,0.01,0,0.736676232,0.01,0,0.833436341,0.01,0,0.904615247,0.02,0,0.991181727,1,0,0,0,0,0,0.00
62006,50,5002001021,t-2,0,1.66298078,0.01,0,0.54064677,0.01,0,0.443545898,0.01,1,0.49626506,0.22,1,0.418348624,1,0,0,0,0.49626506,0.418348624,0.91
62007,50,5002001021,t-5,0,1.621756736,0.01,0,1.008875299,0.01,0,0.978677186,0.01,0,0.976901365,0.19,0,0.99806051,1,0,0,0,0,0,0.00
62008,50,5002001021,t-8,0,1.701830737,0.01,0,0.888154675,0.01,0,0.923089187,0.01,0,0.953866933,0.06,1,0.996738996,1,0,0,0,0,0.996738996,1.00
62009,50,5002001021,t-11,0,1.630250706,0.01,0,0.820635654,0.01,1,0.883219081,0.01,1,0.935847598,0.07,1,0.994493539,1,0,0,0.883219081,0.935847598,0.994493539,2.81
62010,50,5002001021,t-14,0,1.733649662,0.01,0,0.736676232,0.01,1,0.833436341,0.01,1,0.904615247,0.02,1,0.991181727,1,0,0,0.833436341,0.904615247,0.991181727,2.73
64896,50,5003001005,t-2,0,1.66298078,0.01,0,0.54064677,0.01,0,0.443545898,0.01,0,0.49626506,0.22,0,0.418348624,1,0,0,0,0,0,0.00
64897,50,5003001005,t-5,0,1.621756736,0.01,0,1.008875299,0.01,0,0.978677186,0.01,0,0.976901365,0.19,0,0.99806051,1,0,0,0,0,0,0.00
64898,50,5003001005,t-8,0,1.701830737,0.01,0,0.888154675,0.01,0,0.923089187,0.01,1,0.953866933,0.06,1,0.996738996,1,0,0,0,0.953866933,0.996738996,1.95
64899,50,5003001005,t-11,0,1.630250706,0.01,0,0.820635654,0.01,0,0.883219081,0.01,0,0.935847598,0.07,1,0.994493539,1,0,0,0,0,0.994493539,0.99
64900,50,5003001005,t-14,0,1.733649662,0.01,0,0.736676232,0.01,0,0.833436341,0.01,1,0.904615247,0.02,0,0.991181727,1,0,0,0,0.904615247,0,0.90
68251,50,5001003010,t-2,0,1.66298078,0.01,0,0.54064677,0.01,0,0.443545898,0.01,0,0.49626506,0.22,0,0.418348624,1,0,0,0,0,0,0.00
68252,50,5001003010,t-5,0,1.621756736,0.01,0,1.008875299,0.01,0,0.978677186,0.01,0,0.976901365,0.19,0,0.99806051,1,0,0,0,0,0,0.00
68253,50,5001003010,t-8,0,1.701830737,0.01,0,0.888154675,0.01,0,0.923089187,0.01,0,0.953866933,0.06,0,0.996738996,1,0,0,0,0,0,0.00
68254,50,5001003010,t-11,0,1.630250706,0.01,0,0.820635654,0.01,0,0.883219081,0.01,0,0.935847598,0.07,0,0.994493539,1,0,0,0,0,0,0.00
68255,50,5001003010,t-14,0,1.733649662,0.01,0,0.736676232,0.01,0,0.833436341,0.01,0,0.904615247,0.02,0,0.991181727,1,0,0,0,0,0,0.00
68826,50,5002001000,t-2,0,1.66298078,0.01,0,0.54064677,0.01,0,0.443545898,0.01,0,0.49626506,0.22,1,0.418348624,1,0,0,0,0,0.418348624,0.42
68827,50,5002001000,t-5,0,1.621756736,0.01,0,1.008875299,0.01,0,0.978677186,0.01,0,0.976901365,0.19,0,0.99806051,1,0,0,0,0,0,0.00
68828,50,5002001000,t-8,0,1.701830737,0.01,0,0.888154675,0.01,0,0.923089187,0.01,0,0.953866933,0.06,0,0.996738996,1,0,0,0,0,0,0.00
68829,50,5002001000,t-11,0,1.630250706,0.01,0,0.820635654,0.01,1,0.883219081,0.01,0,0.935847598,0.07,0,0.994493539,1,0,0,0.883219081,0,0,0.88
68830,50,5002001000,t-14,0,1.733649662,0.01,0,0.736676232,0.01,0,0.833436341,0.01,1,0.904615247,0.02,0,0.991181727,1,0,0,0,0.904615247,0,0.90
72486,50,5001002019,t-2,0,1.66298078,0.01,0,0.54064677,0.01,0,0.443545898,0.01,0,0.49626506,0.22,0,0.418348624,1,0,0,0,0,0,0.00
72487,50,5001002019,t-5,0,1.621756736,0.01,0,1.008875299,0.01,0,0.978677186,0.01,0,0.976901365,0.19,0,0.99806051,1,0,0,0,0,0,0.00
72488,50,5001002019,t-8,0,1.701830737,0.01,0,0.888154675,0.01,0,0.923089187,0.01,0,0.953866933,0.06,0,0.996738996,1,0,0,0,0,0,0.00
72489,50,5001002019,t-11,0,1.630250706,0.01,0,0.820635654,0.01,0,0.883219081,0.01,0,0.935847598,0.07,0,0.994493539,1,0,0,0,0,0,0.00
72490,50,5001002019,t-14,0,1.733649662,0.01,0,0.736676232,0.01,0,0.833436341,0.01,0,0.904615247,0.02,0,0.991181727,1,0,0,0,0,0,0.00
73381,50,5002002016,t-2,0,1.66298078,0.01,0,0.54064677,0.01,0,0.443545898,0.01,0,0.49626506,0.22,1,0.418348624,1,0,0,0,0,0.418348624,0.42
73382,50,5002002016,t-5,0,1.621756736,0.01,0,1.008875299,0.01,0,0.978677186,0.01,0,0.976901365,0.19,0,0.99806051,1,0,0,0,0,0,0.00
73383,50,5002002016,t-8,0,1.701830737,0.01,0,0.888154675,0.01,0,0.923089187,0.01,0,0.953866933,0.06,0,0.996738996,1,0,0,0,0,0,0.00
73384,50,5002002016,t-11,0,1.630250706,0.01,1,0.820635654,0.01,0,0.883219081,0.01,0,0.935847598,0.07,1,0.994493539,1,0,0.820635654,0,0,0.994493539,1.82
73385,50,5002002016,t-14,0,1.733649662,0.01,0,0.736676232,0.01,1,0.833436341,0.01,0,0.904615247,0.02,1,0.991181727,1,0,0,0.833436341,0,0.991181727,1.82
75046,50,5001003013,t-2,0,1.66298078,0.01,0,0.54064677,0.01,0,0.443545898,0.01,0,0.49626506,0.22,0,0.418348624,1,0,0,0,0,0,0.00
75047,50,5001003013,t-5,0,1.621756736,0.01,0,1.008875299,0.01,0,0.978677186,0.01,0,0.976901365,0.19,0,0.99806051,1,0,0,0,0,0,0.00
75048,50,5001003013,t-8,0,1.701830737,0.01,0,0.888154675,0.01,0,0.923089187,0.01,0,0.953866933,0.06,0,0.996738996,1,0,0,0,0,0,0.00
75049,50,5001003013,t-11,0,1.630250706,0.01,0,0.820635654,0.01,0,0.883219081,0.01,0,0.935847598,0.07,0,0.994493539,1,0,0,0,0,0,0.00
75050,50,5001003013,t-14,0,1.733649662,0.01,0,0.736676232,0.01,0,0.833436341,0.01,0,0.904615247,0.02,0,0.991181727,1,0,0,0,0,0,0.00
75151,50,5003002017,t-2,0,1.66298078,0.01,0,0.54064677,0.01,0,0.443545898,0.01,0,0.49626506,0.22,0,0.418348624,1,0,0,0,0,0,0.00
75152,50,5003002017,t-5,0,1.621756736,0.01,0,1.008875299,0.01,0,0.978677186,0.01,0,0.976901365,0.19,0,0.99806051,1,0,0,0,0,0,0.00
75153,50,5003002017,t-8,0,1.701830737,0.01,3,0.888154675,0.01,0,0.923089187,0.01,0,0.953866933,0.06,0,0.996738996,1,0,2.664464025,0,0,0,2.66
75154,50,5003002017,t-11,0,1.630250706,0.01,0,0.820635654,0.01,0,0.883219081,0.01,0,0.935847598,0.07,0,0.994493539,1,0,0,0,0,0,0.00
75155,50,5003002017,t-14,0,1.733649662,0.01,0,0.736676232,0.01,0,0.833436341,0.01,0,0.904615247,0.02,1,0.991181727,1,0,0,0,0,0.991181727,0.99
75196,50,5002001001,t-2,0,1.66298078,0.01,0,0.54064677,0.01,0,0.443545898,0.01,0,0.49626506,0.22,1,0.418348624,1,0,0,0,0,0.418348624,0.42
75197,50,5002001001,t-5,0,1.621756736,0.01,0,1.008875299,0.01,0,0.978677186,0.01,0,0.976901365,0.19,0,0.99806051,1,0,0,0,0,0,0.00
75198,50,5002001001,t-8,0,1.701830737,0.01,0,0.888154675,0.01,0,0.923089187,0.01,0,0.953866933,0.06,0,0.996738996,1,0,0,0,0,0,0.00
75199,50,5002001001,t-11,0,1.630250706,0.01,0,0.820635654,0.01,1,0.883219081,0.01,0,0.935847598,0.07,1,0.994493539,1,0,0,0.883219081,0,0.994493539,1.88
75200,50,5002001001,t-14,0,1.733649662,0.01,0,0.736676232,0.01,0,0.833436341,0.01,1,0.904615247,0.02,1,0.991181727,1,0,0,0,0.904615247,0.991181727,1.90
77086,50,5001002016,t-2,0,1.66298078,0.01,0,0.54064677,0.01,0,0.443545898,0.01,0,0.49626506,0.22,0,0.418348624,1,0,0,0,0,0,0.00
77087,50,5001002016,t-5,0,1.621756736,0.01,0,1.008875299,0.01,0,0.978677186,0.01,0,0.976901365,0.19,0,0.99806051,1,0,0,0,0,0,0.00
77088,50,5001002016,t-8,0,1.701830737,0.01,0,0.888154675,0.01,0,0.923089187,0.01,0,0.953866933,0.06,0,0.996738996,1,0,0,0,0,0,0.00
77089,50,5001002016,t-11,0,1.630250706,0.01,0,0.820635654,0.01,0,0.883219081,0.01,0,0.935847598,0.07,0,0.994493539,1,0,0,0,0,0,0.00
77090,50,5001002016,t-14,0,1.733649662,0.01,0,0.736676232,0.01,0,0.833436341,0.01,0,0.904615247,0.02,0,0.991181727,1,0,0,0,0,0,0.00
77836,50,5001003011,t-2,0,1.66298078,0.01,0,0.54064677,0.01,0,0.443545898,0.01,0,0.49626506,0.22,0,0.418348624,1,0,0,0,0,0,0.00
77837,50,5001003011,t-5,0,1.621756736,0.01,0,1.008875299,0.01,0,0.978677186,0.01,0,0.976901365,0.19,0,0.99806051,1,0,0,0,0,0,0.00
77838,50,5001003011,t-8,0,1.701830737,0.01,0,0.888154675,0.01,0,0.923089187,0.01,0,0.953866933,0.06,0,0.996738996,1,0,0,0,0,0,0.00
77839,50,5001003011,t-11,0,1.630250706,0.01,0,0.820635654,0.01,0,0.883219081,0.01,0,0.935847598,0.07,0,0.994493539,1,0,0,0,0,0,0.00
77840,50,5001003011,t-14,0,1.733649662,0.01,0,0.736676232,0.01,0,0.833436341,0.01,0,0.904615247,0.02,0,0.991181727,1,0,0,0,0,0,0.00
79086,50,5002002022,t-2,0,1.66298078,0.01,0,0.54064677,0.01,0,0.443545898,0.01,1,0.49626506,0.22,0,0.418348624,1,0,0,0,0.49626506,0,0.50
79087,50,5002002022,t-5,0,1.621756736,0.01,0,1.008875299,0.01,0,0.978677186,0.01,0,0.976901365,0.19,0,0.99806051,1,0,0,0,0,0,0.00
79088,50,5002002022,t-8,0,1.701830737,0.01,0,0.888154675,0.01,0,0.923089187,0.01,0,0.953866933,0.06,0,0.996738996,1,0,0,0,0,0,0.00
79089,50,5002002022,t-11,1,1.630250706,0.01,0,0.820635654,0.01,0,0.883219081,0.01,1,0.935847598,0.07,0,0.994493539,1,1.63,0,0,0.935847598,0,2.57
79090,50,5002002022,t-14,0,1.733649662,0.01,0,0.736676232,0.01,0,0.833436341,0.01,2,0.904615247,0.02,1,0.991181727,1,0,0,0,1.809230494,0.991181727,2.80
81466,50,5003001009,t-2,0,1.66298078,0.01,0,0.54064677,0.01,0,0.443545898,0.01,0,0.49626506,0.22,0,0.418348624,1,0,0,0,0,0,0.00
81467,50,5003001009,t-5,0,1.621756736,0.01,0,1.008875299,0.01,0,0.978677186,0.01,0,0.976901365,0.19,0,0.99806051,1,0,0,0,0,0,0.00
81468,50,5003001009,t-8,0,1.701830737,0.01,0,0.888154675,0.01,0,0.923089187,0.01,1,0.953866933,0.06,2,0.996738996,1,0,0,0,0.953866933,1.993477992,2.95
81469,50,5003001009,t-11,0,1.630250706,0.01,0,0.820635654,0.01,0,0.883219081,0.01,0,0.935847598,0.07,0,0.994493539,1,0,0,0,0,0,0.00
81470,50,5003001009,t-14,0,1.733649662,0.01,0,0.736676232,0.01,0,0.833436341,0.01,1,0.904615247,0.02,0,0.991181727,1,0,0,0,0.904615247,0,0.90
85051,50,5002001015,t-2,0,1.66298078,0.01,0,0.54064677,0.01,0,0.443545898,0.01,0,0.49626506,0.22,1,0.418348624,1,0,0,0,0,0.418348624,0.42
85052,50,5002001015,t-5,0,1.621756736,0.01,0,1.008875299,0.01,0,0.978677186,0.01,0,0.976901365,0.19,0,0.99806051,1,0,0,0,0,0,0.00
85053,50,5002001015,t-8,0,1.701830737,0.01,0,0.888154675,0.01,0,0.923089187,0.01,0,0.953866933,0.06,0,0.996738996,1,0,0,0,0,0,0.00
85054,50,5002001015,t-11,0,1.630250706,0.01,0,0.820635654,0.01,1,0.883219081,0.01,0,0.935847598,0.07,1,0.994493539,1,0,0,0.883219081,0,0.994493539,1.88
85055,50,5002001015,t-14,0,1.733649662,0.01,0,0.736676232,0.01,1,0.833436341,0.01,0,0.904615247,0.02,1,0.991181727,1,0,0,0.833436341,0,0.991181727,1.82
85581,50,5003001021,t-2,0,1.66298078,0.01,0,0.54064677,0.01,0,0.443545898,0.01,0,0.49626506,0.22,0,0.418348624,1,0,0,0,0,0,0.00
85582,50,5003001021,t-5,0,1.621756736,0.01,0,1.008875299,0.01,0,0.978677186,0.01,0,0.976901365,0.19,0,0.99806051,1,0,0,0,0,0,0.00
85583,50,5003001021,t-8,0,1.701830737,0.01,0,0.888154675,0.01,2,0.923089187,0.01,1,0.953866933,0.06,0,0.996738996,1,0,0,1.846178374,0.953866933,0,2.80
85584,50,5003001021,t-11,0,1.630250706,0.01,0,0.820635654,0.01,0,0.883219081,0.01,0,0.935847598,0.07,0,0.994493539,1,0,0,0,0,0,0.00
85585,50,5003001021,t-14,0,1.733649662,0.01,0,0.736676232,0.01,0,0.833436341,0.01,0,0.904615247,0.02,0,0.991181727,1,0,0,0,0,0,0.00
85596,50,5002002024,t-2,0,1.66298078,0.01,0,0.54064677,0.01,0,0.443545898,0.01,0,0.49626506,0.22,0,0.418348624,1,0,0,0,0,0,0.00
85597,50,5002002024,t-5,0,1.621756736,0.01,0,1.008875299,0.01,0,0.978677186,0.01,0,0.976901365,0.19,0,0.99806051,1,0,0,0,0,0,0.00
85598,50,5002002024,t-8,0,1.701830737,0.01,0,0.888154675,0.01,0,0.923089187,0.01,0,0.953866933,0.06,0,0.996738996,1,0,0,0,0,0,0.00
85599,50,5002002024,t-11,0,1.630250706,0.01,0,0.820635654,0.01,0,0.883219081,0.01,0,0.935847598,0.07,0,0.994493539,1,0,0,0,0,0,0.00
85600,50,5002002024,t-14,0,1.733649662,0.01,0,0.736676232,0.01,0,0.833436341,0.01,0,0.904615247,0.02,0,0.991181727,1,0,0,0,0,0,0.00
86286,50,5002001010,t-2,0,1.66298078,0.01,0,0.54064677,0.01,0,0.443545898,0.01,0,0.49626506,0.22,1,0.418348624,1,0,0,0,0,0.418348624,0.42
86287,50,5002001010,t-5,0,1.621756736,0.01,0,1.008875299,0.01,0,0.978677186,0.01,0,0.976901365,0.19,0,0.99806051,1,0,0,0,0,0,0.00
86288,50,5002001010,t-8,0,1.701830737,0.01,0,0.888154675,0.01,0,0.923089187,0.01,0,0.953866933,0.06,1,0.996738996,1,0,0,0,0,0.996738996,1.00
86289,50,5002001010,t-11,0,1.630250706,0.01,0,0.820635654,0.01,0,0.883219081,0.01,1,0.935847598,0.07,1,0.994493539,1,0,0,0,0.935847598,0.994493539,1.93
86290,50,5002001010,t-14,0,1.733649662,0.01,1,0.736676232,0.01,0,0.833436341,0.01,0,0.904615247,0.02,1,0.991181727,1,0,0.736676232,0,0,0.991181727,1.73
88201,50,5001001012,t-2,0,1.66298078,0.01,0,0.54064677,0.01,0,0.443545898,0.01,0,0.49626506,0.22,0,0.418348624,1,0,0,0,0,0,0.00
88202,50,5001001012,t-5,0,1.621756736,0.01,0,1.008875299,0.01,0,0.978677186,0.01,0,0.976901365,0.19,0,0.99806051,1,0,0,0,0,0,0.00
88203,50,5001001012,t-8,0,1.701830737,0.01,0,0.888154675,0.01,0,0.923089187,0.01,0,0.953866933,0.06,0,0.996738996,1,0,0,0,0,0,0.00
88204,50,5001001012,t-11,0,1.630250706,0.01,0,0.820635654,0.01,0,0.883219081,0.01,0,0.935847598,0.07,0,0.994493539,1,0,0,0,0,0,0.00
88205,50,5001001012,t-14,0,1.733649662,0.01,0,0.736676232,0.01,0,0.833436341,0.01,0,0.904615247,0.02,0,0.991181727,1,0,0,0,0,0,0.00
89076,50,5001001025,t-2,0,1.66298078,0.01,0,0.54064677,0.01,0,0.443545898,0.01,0,0.49626506,0.22,0,0.418348624,1,0,0,0,0,0,0.00
89077,50,5001001025,t-5,0,1.621756736,0.01,0,1.008875299,0.01,0,0.978677186,0.01,0,0.976901365,0.19,0,0.99806051,1,0,0,0,0,0,0.00
89078,50,5001001025,t-8,0,1.701830737,0.01,0,0.888154675,0.01,0,0.923089187,0.01,0,0.953866933,0.06,0,0.996738996,1,0,0,0,0,0,0.00
89079,50,5001001025,t-11,0,1.630250706,0.01,0,0.820635654,0.01,0,0.883219081,0.01,0,0.935847598,0.07,0,0.994493539,1,0,0,0,0,0,0.00
89080,50,5001001025,t-14,0,1.733649662,0.01,0,0.736676232,0.01,0,0.833436341,0.01,0,0.904615247,0.02,0,0.991181727,1,0,0,0,0,0,0.00
90351,50,5002001018,t-2,0,1.66298078,0.01,0,0.54064677,0.01,0,0.443545898,0.01,1,0.49626506,0.22,2,0.418348624,1,0,0,0,0.49626506,0.836697248,1.33
90352,50,5002001018,t-5,0,1.621756736,0.01,0,1.008875299,0.01,0,0.978677186,0.01,0,0.976901365,0.19,0,0.99806051,1,0,0,0,0,0,0.00
90353,50,5002001018,t-8,0,1.701830737,0.01,0,0.888154675,0.01,0,0.923089187,0.01,1,0.953866933,0.06,0,0.996738996,1,0,0,0,0.953866933,0,0.95
90354,50,5002001018,t-11,0,1.630250706,0.01,0,0.820635654,0.01,1,0.883219081,0.01,1,0.935847598,0.07,1,0.994493539,1,0,0,0.883219081,0.935847598,0.994493539,2.81
90355,50,5002001018,t-14,1,1.733649662,0.01,0,0.736676232,0.01,0,0.833436341,0.01,1,0.904615247,0.02,1,0.991181727,1,1.73,0,0,0.904615247,0.991181727,3.63
92726,50,5001003022,t-2,0,1.66298078,0.01,0,0.54064677,0.01,0,0.443545898,0.01,0,0.49626506,0.22,0,0.418348624,1,0,0,0,0,0,0.00
92727,50,5001003022,t-5,0,1.621756736,0.01,0,1.008875299,0.01,0,0.978677186,0.01,0,0.976901365,0.19,0,0.99806051,1,0,0,0,0,0,0.00
92728,50,5001003022,t-8,0,1.701830737,0.01,0,0.888154675,0.01,0,0.923089187,0.01,0,0.953866933,0.06,0,0.996738996,1,0,0,0,0,0,0.00
92729,50,5001003022,t-11,0,1.630250706,0.01,0,0.820635654,0.01,0,0.883219081,0.01,0,0.935847598,0.07,0,0.994493539,1,0,0,0,0,0,0.00
92730,50,5001003022,t-14,0,1.733649662,0.01,0,0.736676232,0.01,0,0.833436341,0.01,0,0.904615247,0.02,0,0.991181727,1,0,0,0,0,0,0.00
95106,50,5001001013,t-2,0,1.66298078,0.01,0,0.54064677,0.01,0,0.443545898,0.01,0,0.49626506,0.22,0,0.418348624,1,0,0,0,0,0,0.00
95107,50,5001001013,t-5,0,1.621756736,0.01,0,1.008875299,0.01,0,0.978677186,0.01,0,0.976901365,0.19,0,0.99806051,1,0,0,0,0,0,0.00
95108,50,5001001013,t-8,0,1.701830737,0.01,0,0.888154675,0.01,0,0.923089187,0.01,0,0.953866933,0.06,0,0.996738996,1,0,0,0,0,0,0.00
95109,50,5001001013,t-11,0,1.630250706,0.01,0,0.820635654,0.01,0,0.883219081,0.01,0,0.935847598,0.07,0,0.994493539,1,0,0,0,0,0,0.00
95110,50,5001001013,t-14,0,1.733649662,0.01,0,0.736676232,0.01,0,0.833436341,0.01,0,0.904615247,0.02,0,0.991181727,1,0,0,0,0,0,0.00
96196,50,5002001004,t-2,0,1.66298078,0.01,0,0.54064677,0.01,0,0.443545898,0.01,0,0.49626506,0.22,1,0.418348624,1,0,0,0,0,0.418348624,0.42
96197,50,5002001004,t-5,0,1.621756736,0.01,0,1.008875299,0.01,0,0.978677186,0.01,0,0.976901365,0.19,0,0.99806051,1,0,0,0,0,0,0.00
96198,50,5002001004,t-8,0,1.701830737,0.01,0,0.888154675,0.01,0,0.923089187,0.01,0,0.953866933,0.06,0,0.996738996,1,0,0,0,0,0,0.00
96199,50,5002001004,t-11,0,1.630250706,0.01,0,0.820635654,0.01,1,0.883219081,0.01,0,0.935847598,0.07,1,0.994493539,1,0,0,0.883219081,0,0.994493539,1.88
96200,50,5002001004,t-14,0,1.733649662,0.01,0,0.736676232,0.01,1,0.833436341,0.01,0,0.904615247,0.02,1,0.991181727,1,0,0,0.833436341,0,0.991181727,1.82
97601,50,5003001012,t-2,0,1.66298078,0.01,0,0.54064677,0.01,0,0.443545898,0.01,0,0.49626506,0.22,0,0.418348624,1,0,0,0,0,0,0.00
97602,50,5003001012,t-5,0,1.621756736,0.01,0,1.008875299,0.01,0,0.978677186,0.01,0,0.976901365,0.19,0,0.99806051,1,0,0,0,0,0,0.00
97603,50,5003001012,t-8,0,1.701830737,0.01,0,0.888154675,0.01,0,0.923089187,0.01,3,0.953866933,0.06,0,0.996738996,1,0,0,0,2.861600799,0,2.86
97604,50,5003001012,t-11,0,1.630250706,0.01,0,0.820635654,0.01,0,0.883219081,0.01,0,0.935847598,0.07,0,0.994493539,1,0,0,0,0,0,0.00
97605,50,5003001012,t-14,0,1.733649662,0.01,0,0.736676232,0.01,0,0.833436341,0.01,0,0.904615247,0.02,1,0.991181727,1,0,0,0,0,0.991181727,0.99
98311,50,5002001022,t-2,0,1.66298078,0.01,0,0.54064677,0.01,0,0.443545898,0.01,1,0.49626506,0.22,1,0.418348624,1,0,0,0,0.49626506,0.418348624,0.91
98312,50,5002001022,t-5,0,1.621756736,0.01,0,1.008875299,0.01,0,0.978677186,0.01,0,0.976901365,0.19,0,0.99806051,1,0,0,0,0,0,0.00
98313,50,5002001022,t-8,0,1.701830737,0.01,0,0.888154675,0.01,0,0.923089187,0.01,0,0.953866933,0.06,1,0.996738996,1,0,0,0,0,0.996738996,1.00
98314,50,5002001022,t-11,0,1.630250706,0.01,0,0.820635654,0.01,1,0.883219081,0.01,1,0.935847598,0.07,1,0.994493539,1,0,0,0.883219081,0.935847598,0.994493539,2.81
98315,50,5002001022,t-14,0,1.733649662,0.01,1,0.736676232,0.01,0,0.833436341,0.01,1,0.904615247,0.02,1,0.991181727,1,0,0.736676232,0,0.904615247,0.991181727,2.63
100391,50,5001001019,t-2,0,1.66298078,0.01,0,0.54064677,0.01,0,0.443545898,0.01,0,0.49626506,0.22,0,0.418348624,1,0,0,0,0,0,0.00
100392,50,5001001019,t-5,0,1.621756736,0.01,0,1.008875299,0.01,0,0.978677186,0.01,0,0.976901365,0.19,0,0.99806051,1,0,0,0,0,0,0.00
100393,50,5001001019,t-8,0,1.701830737,0.01,0,0.888154675,0.01,0,0.923089187,0.01,0,0.953866933,0.06,0,0.996738996,1,0,0,0,0,0,0.00
100394,50,5001001019,t-11,0,1.630250706,0.01,0,0.820635654,0.01,0,0.883219081,0.01,0,0.935847598,0.07,0,0.994493539,1,0,0,0,0,0,0.00
100395,50,5001001019,t-14,0,1.733649662,0.01,0,0.736676232,0.01,0,0.833436341,0.01,0,0.904615247,0.02,0,0.991181727,1,0,0,0,0,0,0.00
102126,50,5001003016,t-2,0,1.66298078,0.01,0,0.54064677,0.01,0,0.443545898,0.01,0,0.49626506,0.22,0,0.418348624,1,0,0,0,0,0,0.00
102127,50,5001003016,t-5,0,1.621756736,0.01,0,1.008875299,0.01,0,0.978677186,0.01,0,0.976901365,0.19,0,0.99806051,1,0,0,0,0,0,0.00
102128,50,5001003016,t-8,0,1.701830737,0.01,0,0.888154675,0.01,0,0.923089187,0.01,0,0.953866933,0.06,0,0.996738996,1,0,0,0,0,0,0.00
102129,50,5001003016,t-11,0,1.630250706,0.01,0,0.820635654,0.01,0,0.883219081,0.01,0,0.935847598,0.07,0,0.994493539,1,0,0,0,0,0,0.00
102130,50,5001003016,t-14,0,1.733649662,0.01,0,0.736676232,0.01,0,0.833436341,0.01,0,0.904615247,0.02,0,0.991181727,1,0,0,0,0,0,0.00
104281,50,5002001024,t-2,0,1.66298078,0.01,0,0.54064677,0.01,0,0.443545898,0.01,1,0.49626506,0.22,1,0.418348624,1,0,0,0,0.49626506,0.418348624,0.91
104282,50,5002001024,t-5,0,1.621756736,0.01,0,1.008875299,0.01,0,0.978677186,0.01,0,0.976901365,0.19,0,0.99806051,1,0,0,0,0,0,0.00
104283,50,5002001024,t-8,0,1.701830737,0.01,0,0.888154675,0.01,0,0.923089187,0.01,0,0.953866933,0.06,0,0.996738996,1,0,0,0,0,0,0.00
104284,50,5002001024,t-11,0,1.630250706,0.01,1,0.820635654,0.01,0,0.883219081,0.01,1,0.935847598,0.07,1,0.994493539,1,0,0.820635654,0,0.935847598,0.994493539,2.75
104285,50,5002001024,t-14,0,1.733649662,0.01,0,0.736676232,0.01,1,0.833436341,0.01,1,0.904615247,0.02,0,0.991181727,1,0,0,0.833436341,0.904615247,0,1.74
104531,50,5001002006,t-2,0,1.66298078,0.01,0,0.54064677,0.01,0,0.443545898,0.01,0,0.49626506,0.22,0,0.418348624,1,0,0,0,0,0,0.00
104532,50,5001002006,t-5,0,1.621756736,0.01,0,1.008875299,0.01,0,0.978677186,0.01,0,0.976901365,0.19,0,0.99806051,1,0,0,0,0,0,0.00
104533,50,5001002006,t-8,0,1.701830737,0.01,0,0.888154675,0.01,0,0.923089187,0.01,0,0.953866933,0.06,0,0.996738996,1,0,0,0,0,0,0.00
104534,50,5001002006,t-11,0,1.630250706,0.01,0,0.820635654,0.01,0,0.883219081,0.01,0,0.935847598,0.07,0,0.994493539,1,0,0,0,0,0,0.00
104535,50,5001002006,t-14,0,1.733649662,0.01,0,0.736676232,0.01,0,0.833436341,0.01,0,0.904615247,0.02,0,0.991181727,1,0,0,0,0,0,0.00
106566,50,5001004001,t-2,0,1.66298078,0.01,0,0.54064677,0.01,0,0.443545898,0.01,0,0.49626506,0.22,0,0.418348624,1,0,0,0,0,0,0.00
106567,50,5001004001,t-5,0,1.621756736,0.01,0,1.008875299,0.01,0,0.978677186,0.01,0,0.976901365,0.19,0,0.99806051,1,0,0,0,0,0,0.00
106568,50,5001004001,t-8,0,1.701830737,0.01,0,0.888154675,0.01,0,0.923089187,0.01,0,0.953866933,0.06,0,0.996738996,1,0,0,0,0,0,0.00
106569,50,5001004001,t-11,0,1.630250706,0.01,0,0.820635654,0.01,0,0.883219081,0.01,0,0.935847598,0.07,0,0.994493539,1,0,0,0,0,0,0.00
106570,50,5001004001,t-14,0,1.733649662,0.01,0,0.736676232,0.01,0,0.833436341,0.01,0,0.904615247,0.02,0,0.991181727,1,0,0,0,0,0,0.00
111206,50,5002002014,t-2,0,1.66298078,0.01,0,0.54064677,0.01,0,0.443545898,0.01,1,0.49626506,0.22,1,0.418348624,1,0,0,0,0.49626506,0.418348624,0.91
111207,50,5002002014,t-5,0,1.621756736,0.01,0,1.008875299,0.01,0,0.978677186,0.01,0,0.976901365,0.19,0,0.99806051,1,0,0,0,0,0,0.00
111208,50,5002002014,t-8,0,1.701830737,0.01,0,0.888154675,0.01,0,0.923089187,0.01,0,0.953866933,0.06,0,0.996738996,1,0,0,0,0,0,0.00
111209,50,5002002014,t-11,0,1.630250706,0.01,1,0.820635654,0.01,0,0.883219081,0.01,1,0.935847598,0.07,1,0.994493539,1,0,0.820635654,0,0.935847598,0.994493539,2.75
111210,50,5002002014,t-14,0,1.733649662,0.01,0,0.736676232,0.01,1,0.833436341,0.01,1,0.904615247,0.02,2,0.991181727,1,0,0,0.833436341,0.904615247,1.982363454,3.72
112491,50,5001002012,t-2,0,1.66298078,0.01,0,0.54064677,0.01,0,0.443545898,0.01,0,0.49626506,0.22,0,0.418348624,1,0,0,0,0,0,0.00
112492,50,5001002012,t-5,0,1.621756736,0.01,0,1.008875299,0.01,0,0.978677186,0.01,0,0.976901365,0.19,0,0.99806051,1,0,0,0,0,0,0.00
112493,50,5001002012,t-8,0,1.701830737,0.01,0,0.888154675,0.01,0,0.923089187,0.01,0,0.953866933,0.06,0,0.996738996,1,0,0,0,0,0,0.00
112494,50,5001002012,t-11,0,1.630250706,0.01,0,0.820635654,0.01,0,0.883219081,0.01,0,0.935847598,0.07,0,0.994493539,1,0,0,0,0,0,0.00
112495,50,5001002012,t-14,0,1.733649662,0.01,0,0.736676232,0.01,0,0.833436341,0.01,0,0.904615247,0.02,0,0.991181727,1,0,0,0,0,0,0.00
115896,50,5001001022,t-2,0,1.66298078,0.01,0,0.54064677,0.01,0,0.443545898,0.01,0,0.49626506,0.22,0,0.418348624,1,0,0,0,0,0,0.00
115897,50,5001001022,t-5,0,1.621756736,0.01,0,1.008875299,0.01,0,0.978677186,0.01,0,0.976901365,0.19,0,0.99806051,1,0,0,0,0,0,0.00
115898,50,5001001022,t-8,0,1.701830737,0.01,0,0.888154675,0.01,0,0.923089187,0.01,0,0.953866933,0.06,0,0.996738996,1,0,0,0,0,0,0.00
115899,50,5001001022,t-11,0,1.630250706,0.01,0,0.820635654,0.01,0,0.883219081,0.01,0,0.935847598,0.07,0,0.994493539,1,0,0,0,0,0,0.00
115900,50,5001001022,t-14,0,1.733649662,0.01,0,0.736676232,0.01,0,0.833436341,0.01,0,0.904615247,0.02,0,0.991181727,1,0,0,0,0,0,0.00
117391,50,5002001009,t-2,0,1.66298078,0.01,0,0.54064677,0.01,0,0.443545898,0.01,0,0.49626506,0.22,1,0.418348624,1,0,0,0,0,0.418348624,0.42
117392,50,5002001009,t-5,0,1.621756736,0.01,0,1.008875299,0.01,0,0.978677186,0.01,0,0.976901365,0.19,0,0.99806051,1,0,0,0,0,0,0.00
117393,50,5002001009,t-8,0,1.701830737,0.01,0,0.888154675,0.01,0,0.923089187,0.01,1,0.953866933,0.06,0,0.996738996,1,0,0,0,0.953866933,0,0.95
117394,50,5002001009,t-11,0,1.630250706,0.01,0,0.820635654,0.01,0,0.883219081,0.01,0,0.935847598,0.07,2,0.994493539,1,0,0,0,0,1.988987078,1.99
117395,50,5002001009,t-14,0,1.733649662,0.01,1,0.736676232,0.01,0,0.833436341,0.01,0,0.904615247,0.02,2,0.991181727,1,0,0.736676232,0,0,1.982363454,2.72
118426,50,5003001015,t-2,0,1.66298078,0.01,0,0.54064677,0.01,0,0.443545898,0.01,0,0.49626506,0.22,0,0.418348624,1,0,0,0,0,0,0.00
118427,50,5003001015,t-5,0,1.621756736,0.01,0,1.008875299,0.01,0,0.978677186,0.01,0,0.976901365,0.19,0,0.99806051,1,0,0,0,0,0,0.00
118428,50,5003001015,t-8,0,1.701830737,0.01,0,0.888154675,0.01,0,0.923089187,0.01,3,0.953866933,0.06,0,0.996738996,1,0,0,0,2.861600799,0,2.86
118429,50,5003001015,t-11,0,1.630250706,0.01,0,0.820635654,0.01,0,0.883219081,0.01,0,0.935847598,0.07,0,0.994493539,1,0,0,0,0,0,0.00
118430,50,5003001015,t-14,0,1.733649662,0.01,0,0.736676232,0.01,0,0.833436341,0.01,0,0.904615247,0.02,0,0.991181727,1,0,0,0,0,0,0.00
119031,50,5001001021,t-2,0,1.66298078,0.01,0,0.54064677,0.01,0,0.443545898,0.01,0,0.49626506,0.22,0,0.418348624,1,0,0,0,0,0,0.00
119032,50,5001001021,t-5,0,1.621756736,0.01,0,1.008875299,0.01,0,0.978677186,0.01,0,0.976901365,0.19,0,0.99806051,1,0,0,0,0,0,0.00
119033,50,5001001021,t-8,0,1.701830737,0.01,0,0.888154675,0.01,0,0.923089187,0.01,0,0.953866933,0.06,0,0.996738996,1,0,0,0,0,0,0.00
119034,50,5001001021,t-11,0,1.630250706,0.01,0,0.820635654,0.01,0,0.883219081,0.01,0,0.935847598,0.07,0,0.994493539,1,0,0,0,0,0,0.00
119035,50,5001001021,t-14,0,1.733649662,0.01,0,0.736676232,0.01,0,0.833436341,0.01,0,0.904615247,0.02,0,0.991181727,1,0,0,0,0,0,0.00
119236,50,5003002003,t-2,0,1.66298078,0.01,0,0.54064677,0.01,0,0.443545898,0.01,0,0.49626506,0.22,0,0.418348624,1,0,0,0,0,0,0.00
119237,50,5003002003,t-5,0,1.621756736,0.01,0,1.008875299,0.01,0,0.978677186,0.01,0,0.976901365,0.19,0,0.99806051,1,0,0,0,0,0,0.00
119238,50,5003002003,t-8,0,1.701830737,0.01,0,0.888154675,0.01,1,0.923089187,0.01,2,0.953866933,0.06,0,0.996738996,1,0,0,0.923089187,1.907733866,0,2.83
119239,50,5003002003,t-11,0,1.630250706,0.01,0,0.820635654,0.01,0,0.883219081,0.01,0,0.935847598,0.07,0,0.994493539,1,0,0,0,0,0,0.00
119240,50,5003002003,t-14,0,1.733649662,0.01,0,0.736676232,0.01,0,0.833436341,0.01,0,0.904615247,0.02,1,0.991181727,1,0,0,0,0,0.991181727,0.99
121846,50,5003001006,t-2,0,1.66298078,0.01,0,0.54064677,0.01,0,0.443545898,0.01,0,0.49626506,0.22,0,0.418348624,1,0,0,0,0,0,0.00
121847,50,5003001006,t-5,0,1.621756736,0.01,0,1.008875299,0.01,0,0.978677186,0.01,0,0.976901365,0.19,0,0.99806051,1,0,0,0,0,0,0.00
121848,50,5003001006,t-8,0,1.701830737,0.01,0,0.888154675,0.01,0,0.923089187,0.01,1,0.953866933,0.06,2,0.996738996,1,0,0,0,0.953866933,1.993477992,2.95
121849,50,5003001006,t-11,0,1.630250706,0.01,0,0.820635654,0.01,0,0.883219081,0.01,0,0.935847598,0.07,1,0.994493539,1,0,0,0,0,0.994493539,0.99
121850,50,5003001006,t-14,0,1.733649662,0.01,0,0.736676232,0.01,0,0.833436341,0.01,1,0.904615247,0.02,0,0.991181727,1,0,0,0,0.904615247,0,0.90
123936,50,5003002009,t-2,0,1.66298078,0.01,0,0.54064677,0.01,0,0.443545898,0.01,0,0.49626506,0.22,0,0.418348624,1,0,0,0,0,0,0.00
123937,50,5003002009,t-5,0,1.621756736,0.01,0,1.008875299,0.01,0,0.978677186,0.01,0,0.976901365,0.19,0,0.99806051,1,0,0,0,0,0,0.00
123938,50,5003002009,t-8,0,1.701830737,0.01,0,0.888154675,0.01,3,0.923089187,0.01,0,0.953866933,0.06,0,0.996738996,1,0,0,2.769267561,0,0,2.77
123939,50,5003002009,t-11,0,1.630250706,0.01,0,0.820635654,0.01,0,0.883219081,0.01,0,0.935847598,0.07,0,0.994493539,1,0,0,0,0,0,0.00
123940,50,5003002009,t-14,0,1.733649662,0.01,0,0.736676232,0.01,0,0.833436341,0.01,0,0.904615247,0.02,0,0.991181727,1,0,0,0,0,0,0.00
125266,50,5002002009,t-2,0,1.66298078,0.01,0,0.54064677,0.01,0,0.443545898,0.01,1,0.49626506,0.22,1,0.418348624,1,0,0,0,0.49626506,0.418348624,0.91
125267,50,5002002009,t-5,0,1.621756736,0.01,0,1.008875299,0.01,0,0.978677186,0.01,0,0.976901365,0.19,0,0.99806051,1,0,0,0,0,0,0.00
125268,50,5002002009,t-8,0,1.701830737,0.01,0,0.888154675,0.01,0,0.923089187,0.01,0,0.953866933,0.06,0,0.996738996,1,0,0,0,0,0,0.00
125269,50,5002002009,t-11,1,1.630250706,0.01,0,0.820635654,0.01,0,0.883219081,0.01,1,0.935847598,0.07,1,0.994493539,1,1.63,0,0,0.935847598,0.994493539,3.56
125270,50,5002002009,t-14,0,1.733649662,0.01,0,0.736676232,0.01,0,0.833436341,0.01,3,0.904615247,0.02,0,0.991181727,1,0,0,0,2.713845741,0,2.71
125626,50,5001001003,t-2,0,1.66298078,0.01,0,0.54064677,0.01,0,0.443545898,0.01,0,0.49626506,0.22,0,0.418348624,1,0,0,0,0,0,0.00
125627,50,5001001003,t-5,0,1.621756736,0.01,0,1.008875299,0.01,0,0.978677186,0.01,0,0.976901365,0.19,0,0.99806051,1,0,0,0,0,0,0.00
125628,50,5001001003,t-8,0,1.701830737,0.01,0,0.888154675,0.01,0,0.923089187,0.01,0,0.953866933,0.06,0,0.996738996,1,0,0,0,0,0,0.00
125629,50,5001001003,t-11,0,1.630250706,0.01,0,0.820635654,0.01,0,0.883219081,0.01,0,0.935847598,0.07,0,0.994493539,1,0,0,0,0,0,0.00
125630,50,5001001003,t-14,0,1.733649662,0.01,0,0.736676232,0.01,0,0.833436341,0.01,0,0.904615247,0.02,0,0.991181727,1,0,0,0,0,0,0.00
128046,50,5002001016,t-2,0,1.66298078,0.01,0,0.54064677,0.01,0,0.443545898,0.01,1,0.49626506,0.22,1,0.418348624,1,0,0,0,0.49626506,0.418348624,0.91
128047,50,5002001016,t-5,0,1.621756736,0.01,0,1.008875299,0.01,0,0.978677186,0.01,0,0.976901365,0.19,0,0.99806051,1,0,0,0,0,0,0.00
128048,50,5002001016,t-8,0,1.701830737,0.01,0,0.888154675,0.01,0,0.923089187,0.01,0,0.953866933,0.06,1,0.996738996,1,0,0,0,0,0.996738996,1.00
128049,50,5002001016,t-11,0,1.630250706,0.01,0,0.820635654,0.01,1,0.883219081,0.01,1,0.935847598,0.07,1,0.994493539,1,0,0,0.883219081,0.935847598,0.994493539,2.81
128050,50,5002001016,t-14,0,1.733649662,0.01,1,0.736676232,0.01,0,0.833436341,0.01,1,0.904615247,0.02,1,0.991181727,1,0,0.736676232,0,0.904615247,0.991181727,2.63
128096,50,5001001017,t-2,0,1.66298078,0.01,0,0.54064677,0.01,0,0.443545898,0.01,0,0.49626506,0.22,0,0.418348624,1,0,0,0,0,0,0.00
128097,50,5001001017,t-5,0,1.621756736,0.01,0,1.008875299,0.01,0,0.978677186,0.01,0,0.976901365,0.19,1,0.99806051,1,0,0,0,0,0.99806051,1.00
128098,50,5001001017,t-8,0,1.701830737,0.01,0,0.888154675,0.01,0,0.923089187,0.01,0,0.953866933,0.06,0,0.996738996,1,0,0,0,0,0,0.00
128099,50,5001001017,t-11,0,1.630250706,0.01,0,0.820635654,0.01,0,0.883219081,0.01,0,0.935847598,0.07,0,0.994493539,1,0,0,0,0,0,0.00
128100,50,5001001017,t-14,0,1.733649662,0.01,0,0.736676232,0.01,0,0.833436341,0.01,0,0.904615247,0.02,0,0.991181727,1,0,0,0,0,0,0.00
131451,50,5001002008,t-2,0,1.66298078,0.01,0,0.54064677,0.01,0,0.443545898,0.01,0,0.49626506,0.22,0,0.418348624,1,0,0,0,0,0,0.00
131452,50,5001002008,t-5,0,1.621756736,0.01,0,1.008875299,0.01,0,0.978677186,0.01,0,0.976901365,0.19,0,0.99806051,1,0,0,0,0,0,0.00
131453,50,5001002008,t-8,0,1.701830737,0.01,0,0.888154675,0.01,0,0.923089187,0.01,0,0.953866933,0.06,0,0.996738996,1,0,0,0,0,0,0.00
131454,50,5001002008,t-11,0,1.630250706,0.01,0,0.820635654,0.01,0,0.883219081,0.01,0,0.935847598,0.07,0,0.994493539,1,0,0,0,0,0,0.00
131455,50,5001002008,t-14,0,1.733649662,0.01,0,0.736676232,0.01,0,0.833436341,0.01,0,0.904615247,0.02,0,0.991181727,1,0,0,0,0,0,0.00
132786,50,5003002015,t-2,0,1.66298078,0.01,0,0.54064677,0.01,0,0.443545898,0.01,0,0.49626506,0.22,0,0.418348624,1,0,0,0,0,0,0.00
132787,50,5003002015,t-5,0,1.621756736,0.01,0,1.008875299,0.01,0,0.978677186,0.01,0,0.976901365,0.19,0,0.99806051,1,0,0,0,0,0,0.00
132788,50,5003002015,t-8,0,1.701830737,0.01,1,0.888154675,0.01,2,0.923089187,0.01,0,0.953866933,0.06,0,0.996738996,1,0,0.888154675,1.846178374,0,0,2.73
132789,50,5003002015,t-11,0,1.630250706,0.01,0,0.820635654,0.01,0,0.883219081,0.01,0,0.935847598,0.07,0,0.994493539,1,0,0,0,0,0,0.00
132790,50,5003002015,t-14,0,1.733649662,0.01,0,0.736676232,0.01,0,0.833436341,0.01,0,0.904615247,0.02,0,0.991181727,1,0,0,0,0,0,0.00
135261,50,5003002024,t-2,0,1.66298078,0.01,0,0.54064677,0.01,0,0.443545898,0.01,0,0.49626506,0.22,0,0.418348624,1,0,0,0,0,0,0.00
135262,50,5003002024,t-5,0,1.621756736,0.01,0,1.008875299,0.01,0,0.978677186,0.01,0,0.976901365,0.19,0,0.99806051,1,0,0,0,0,0,0.00
135263,50,5003002024,t-8,0,1.701830737,0.01,0,0.888154675,0.01,3,0.923089187,0.01,0,0.953866933,0.06,0,0.996738996,1,0,0,2.769267561,0,0,2.77
135264,50,5003002024,t-11,0,1.630250706,0.01,0,0.820635654,0.01,0,0.883219081,0.01,0,0.935847598,0.07,0,0.994493539,1,0,0,0,0,0,0.00
135265,50,5003002024,t-14,0,1.733649662,0.01,0,0.736676232,0.01,0,0.833436341,0.01,0,0.904615247,0.02,0,0.991181727,1,0,0,0,0,0,0.00
135746,50,5003002029,t-2,0,1.66298078,0.01,0,0.54064677,0.01,0,0.443545898,0.01,0,0.49626506,0.22,0,0.418348624,1,0,0,0,0,0,0.00
135747,50,5003002029,t-5,0,1.621756736,0.01,0,1.008875299,0.01,0,0.978677186,0.01,0,0.976901365,0.19,0,0.99806051,1,0,0,0,0,0,0.00
135748,50,5003002029,t-8,0,1.701830737,0.01,2,0.888154675,0.01,1,0.923089187,0.01,0,0.953866933,0.06,0,0.996738996,1,0,1.77630935,0.923089187,0,0,2.70
135749,50,5003002029,t-11,0,1.630250706,0.01,0,0.820635654,0.01,0,0.883219081,0.01,0,0.935847598,0.07,0,0.994493539,1,0,0,0,0,0,0.00
135750,50,5003002029,t-14,0,1.733649662,0.01,0,0.736676232,0.01,0,0.833436341,0.01,0,0.904615247,0.02,0,0.991181727,1,0,0,0,0,0,0.00
135961,50,5001003015,t-2,0,1.66298078,0.01,0,0.54064677,0.01,0,0.443545898,0.01,0,0.49626506,0.22,0,0.418348624,1,0,0,0,0,0,0.00
135962,50,5001003015,t-5,0,1.621756736,0.01,0,1.008875299,0.01,0,0.978677186,0.01,0,0.976901365,0.19,0,0.99806051,1,0,0,0,0,0,0.00
135963,50,5001003015,t-8,0,1.701830737,0.01,0,0.888154675,0.01,0,0.923089187,0.01,0,0.953866933,0.06,0,0.996738996,1,0,0,0,0,0,0.00
135964,50,5001003015,t-11,0,1.630250706,0.01,0,0.820635654,0.01,0,0.883219081,0.01,0,0.935847598,0.07,0,0.994493539,1,0,0,0,0,0,0.00
135965,50,5001003015,t-14,0,1.733649662,0.01,0,0.736676232,0.01,0,0.833436341,0.01,0,0.904615247,0.02,0,0.991181727,1,0,0,0,0,0,0.00
138751,50,5001004031,t-2,0,1.66298078,0.01,0,0.54064677,0.01,0,0.443545898,0.01,0,0.49626506,0.22,0,0.418348624,1,0,0,0,0,0,0.00
138752,50,5001004031,t-5,0,1.621756736,0.01,0,1.008875299,0.01,0,0.978677186,0.01,0,0.976901365,0.19,0,0.99806051,1,0,0,0,0,0,0.00
138753,50,5001004031,t-8,0,1.701830737,0.01,0,0.888154675,0.01,0,0.923089187,0.01,1,0.953866933,0.06,0,0.996738996,1,0,0,0,0.953866933,0,0.95
138754,50,5001004031,t-11,0,1.630250706,0.01,0,0.820635654,0.01,0,0.883219081,0.01,0,0.935847598,0.07,1,0.994493539,1,0,0,0,0,0.994493539,0.99
138755,50,5001004031,t-14,0,1.733649662,0.01,0,0.736676232,0.01,0,0.833436341,0.01,1,0.904615247,0.02,0,0.991181727,1,0,0,0,0.904615247,0,0.90
141176,50,5002002015,t-2,0,1.66298078,0.01,0,0.54064677,0.01,0,0.443545898,0.01,1,0.49626506,0.22,0,0.418348624,1,0,0,0,0.49626506,0,0.50
141177,50,5002002015,t-5,0,1.621756736,0.01,0,1.008875299,0.01,0,0.978677186,0.01,0,0.976901365,0.19,0,0.99806051,1,0,0,0,0,0,0.00
141178,50,5002002015,t-8,0,1.701830737,0.01,0,0.888154675,0.01,0,0.923089187,0.01,0,0.953866933,0.06,0,0.996738996,1,0,0,0,0,0,0.00
141179,50,5002002015,t-11,0,1.630250706,0.01,1,0.820635654,0.01,0,0.883219081,0.01,1,0.935847598,0.07,0,0.994493539,1,0,0.820635654,0,0.935847598,0,1.76
141180,50,5002002015,t-14,0,1.733649662,0.01,0,0.736676232,0.01,1,0.833436341,0.01,1,0.904615247,0.02,0,0.991181727,1,0,0,0.833436341,0.904615247,0,1.74
142176,50,5001002009,t-2,0,1.66298078,0.01,0,0.54064677,0.01,0,0.443545898,0.01,0,0.49626506,0.22,0,0.418348624,1,0,0,0,0,0,0.00
142177,50,5001002009,t-5,0,1.621756736,0.01,0,1.008875299,0.01,0,0.978677186,0.01,0,0.976901365,0.19,0,0.99806051,1,0,0,0,0,0,0.00
142178,50,5001002009,t-8,0,1.701830737,0.01,0,0.888154675,0.01,0,0.923089187,0.01,0,0.953866933,0.06,0,0.996738996,1,0,0,0,0,0,0.00
142179,50,5001002009,t-11,0,1.630250706,0.01,0,0.820635654,0.01,0,0.883219081,0.01,0,0.935847598,0.07,0,0.994493539,1,0,0,0,0,0,0.00
142180,50,5001002009,t-14,0,1.733649662,0.01,0,0.736676232,0.01,0,0.833436341,0.01,0,0.904615247,0.02,0,0.991181727,1,0,0,0,0,0,0.00
142881,50,5002001017,t-2,0,1.66298078,0.01,0,0.54064677,0.01,0,0.443545898,0.01,1,0.49626506,0.22,1,0.418348624,1,0,0,0,0.49626506,0.418348624,0.91
142882,50,5002001017,t-5,0,1.621756736,0.01,0,1.008875299,0.01,0,0.978677186,0.01,0,0.976901365,0.19,0,0.99806051,1,0,0,0,0,0,0.00
142883,50,5002001017,t-8,0,1.701830737,0.01,0,0.888154675,0.01,0,0.923089187,0.01,0,0.953866933,0.06,1,0.996738996,1,0,0,0,0,0.996738996,1.00
142884,50,5002001017,t-11,0,1.630250706,0.01,0,0.820635654,0.01,1,0.883219081,0.01,0,0.935847598,0.07,2,0.994493539,1,0,0,0.883219081,0,1.988987078,2.87
142885,50,5002001017,t-14,0,1.733649662,0.01,1,0.736676232,0.01,0,0.833436341,0.01,1,0.904615247,0.02,1,0.991181727,1,0,0.736676232,0,0.904615247,0.991181727,2.63
143151,50,5001004007,t-2,0,1.66298078,0.01,0,0.54064677,0.01,0,0.443545898,0.01,0,0.49626506,0.22,0,0.418348624,1,0,0,0,0,0,0.00
143152,50,5001004007,t-5,0,1.621756736,0.01,0,1.008875299,0.01,0,0.978677186,0.01,0,0.976901365,0.19,0,0.99806051,1,0,0,0,0,0,0.00
143153,50,5001004007,t-8,0,1.701830737,0.01,0,0.888154675,0.01,0,0.923089187,0.01,0,0.953866933,0.06,0,0.996738996,1,0,0,0,0,0,0.00
143154,50,5001004007,t-11,0,1.630250706,0.01,0,0.820635654,0.01,0,0.883219081,0.01,0,0.935847598,0.07,0,0.994493539,1,0,0,0,0,0,0.00
143155,50,5001004007,t-14,0,1.733649662,0.01,0,0.736676232,0.01,0,0.833436341,0.01,0,0.904615247,0.02,0,0.991181727,1,0,0,0,0,0,0.00
145036,50,5001001008,t-2,0,1.66298078,0.01,0,0.54064677,0.01,0,0.443545898,0.01,0,0.49626506,0.22,0,0.418348624,1,0,0,0,0,0,0.00
145037,50,5001001008,t-5,0,1.621756736,0.01,0,1.008875299,0.01,0,0.978677186,0.01,0,0.976901365,0.19,0,0.99806051,1,0,0,0,0,0,0.00
145038,50,5001001008,t-8,0,1.701830737,0.01,0,0.888154675,0.01,0,0.923089187,0.01,0,0.953866933,0.06,0,0.996738996,1,0,0,0,0,0,0.00
145039,50,5001001008,t-11,0,1.630250706,0.01,0,0.820635654,0.01,0,0.883219081,0.01,0,0.935847598,0.07,0,0.994493539,1,0,0,0,0,0,0.00
145040,50,5001001008,t-14,0,1.733649662,0.01,0,0.736676232,0.01,0,0.833436341,0.01,0,0.904615247,0.02,0,0.991181727,1,0,0,0,0,0,0.00
146176,50,5003002004,t-2,0,1.66298078,0.01,0,0.54064677,0.01,0,0.443545898,0.01,0,0.49626506,0.22,0,0.418348624,1,0,0,0,0,0,0.00
146177,50,5003002004,t-5,0,1.621756736,0.01,0,1.008875299,0.01,0,0.978677186,0.01,0,0.976901365,0.19,0,0.99806051,1,0,0,0,0,0,0.00
146178,50,5003002004,t-8,0,1.701830737,0.01,0,0.888154675,0.01,1,0.923089187,0.01,1,0.953866933,0.06,1,0.996738996,1,0,0,0.923089187,0.953866933,0.996738996,2.87
146179,50,5003002004,t-11,0,1.630250706,0.01,0,0.820635654,0.01,0,0.883219081,0.01,0,0.935847598,0.07,0,0.994493539,1,0,0,0,0,0,0.00
146180,50,5003002004,t-14,0,1.733649662,0.01,0,0.736676232,0.01,0,0.833436341,0.01,1,0.904615247,0.02,0,0.991181727,1,0,0,0,0.904615247,0,0.90
146181,50,5001003005,t-2,0,1.66298078,0.01,0,0.54064677,0.01,0,0.443545898,0.01,0,0.49626506,0.22,0,0.418348624,1,0,0,0,0,0,0.00
146182,50,5001003005,t-5,0,1.621756736,0.01,0,1.008875299,0.01,0,0.978677186,0.01,0,0.976901365,0.19,0,0.99806051,1,0,0,0,0,0,0.00
146183,50,5001003005,t-8,0,1.701830737,0.01,0,0.888154675,0.01,0,0.923089187,0.01,0,0.953866933,0.06,0,0.996738996,1,0,0,0,0,0,0.00
146184,50,5001003005,t-11,0,1.630250706,0.01,0,0.820635654,0.01,0,0.883219081,0.01,0,0.935847598,0.07,0,0.994493539,1,0,0,0,0,0,0.00
146185,50,5001003005,t-14,0,1.733649662,0.01,0,0.736676232,0.01,0,0.833436341,0.01,0,0.904615247,0.02,0,0.991181727,1,0,0,0,0,0,0.00
147111,50,5003001016,t-2,0,1.66298078,0.01,0,0.54064677,0.01,0,0.443545898,0.01,0,0.49626506,0.22,0,0.418348624,1,0,0,0,0,0,0.00
147112,50,5003001016,t-5,0,1.621756736,0.01,0,1.008875299,0.01,0,0.978677186,0.01,0,0.976901365,0.19,0,0.99806051,1,0,0,0,0,0,0.00
147113,50,5003001016,t-8,0,1.701830737,0.01,0,0.888154675,0.01,0,0.923089187,0.01,0,0.953866933,0.06,3,0.996738996,1,0,0,0,0,2.990216988,2.99
147114,50,5003001016,t-11,0,1.630250706,0.01,0,0.820635654,0.01,0,0.883219081,0.01,0,0.935847598,0.07,0,0.994493539,1,0,0,0,0,0,0.00
147115,50,5003001016,t-14,0,1.733649662,0.01,0,0.736676232,0.01,0,0.833436341,0.01,0,0.904615247,0.02,0,0.991181727,1,0,0,0,0,0,0.00
148261,50,5003001008,t-2,0,1.66298078,0.01,0,0.54064677,0.01,0,0.443545898,0.01,0,0.49626506,0.22,0,0.418348624,1,0,0,0,0,0,0.00
148262,50,5003001008,t-5,0,1.621756736,0.01,0,1.008875299,0.01,0,0.978677186,0.01,0,0.976901365,0.19,0,0.99806051,1,0,0,0,0,0,0.00
148263,50,5003001008,t-8,0,1.701830737,0.01,0,0.888154675,0.01,0,0.923089187,0.01,1,0.953866933,0.06,2,0.996738996,1,0,0,0,0.953866933,1.993477992,2.95
148264,50,5003001008,t-11,0,1.630250706,0.01,0,0.820635654,0.01,0,0.883219081,0.01,0,0.935847598,0.07,0,0.994493539,1,0,0,0,0,0,0.00
148265,50,5003001008,t-14,0,1.733649662,0.01,0,0.736676232,0.01,0,0.833436341,0.01,0,0.904615247,0.02,1,0.991181727,1,0,0,0,0,0.991181727,0.99
149661,50,5001002010,t-2,0,1.66298078,0.01,0,0.54064677,0.01,0,0.443545898,0.01,0,0.49626506,0.22,0,0.418348624,1,0,0,0,0,0,0.00
149662,50,5001002010,t-5,0,1.621756736,0.01,0,1.008875299,0.01,0,0.978677186,0.01,0,0.976901365,0.19,0,0.99806051,1,0,0,0,0,0,0.00
149663,50,5001002010,t-8,0,1.701830737,0.01,0,0.888154675,0.01,0,0.923089187,0.01,0,0.953866933,0.06,0,0.996738996,1,0,0,0,0,0,0.00
149664,50,5001002010,t-11,0,1.630250706,0.01,0,0.820635654,0.01,0,0.883219081,0.01,0,0.935847598,0.07,0,0.994493539,1,0,0,0,0,0,0.00
149665,50,5001002010,t-14,0,1.733649662,0.01,0,0.736676232,0.01,0,0.833436341,0.01,0,0.904615247,0.02,0,0.991181727,1,0,0,0,0,0,0.00
151276,50,5001004016,t-2,0,1.66298078,0.01,0,0.54064677,0.01,0,0.443545898,0.01,0,0.49626506,0.22,0,0.418348624,1,0,0,0,0,0,0.00
151277,50,5001004016,t-5,0,1.621756736,0.01,0,1.008875299,0.01,0,0.978677186,0.01,0,0.976901365,0.19,0,0.99806051,1,0,0,0,0,0,0.00
151278,50,5001004016,t-8,0,1.701830737,0.01,0,0.888154675,0.01,0,0.923089187,0.01,0,0.953866933,0.06,0,0.996738996,1,0,0,0,0,0,0.00
151279,50,5001004016,t-11,0,1.630250706,0.01,0,0.820635654,0.01,0,0.883219081,0.01,0,0.935847598,0.07,0,0.994493539,1,0,0,0,0,0,0.00
151280,50,5001004016,t-14,0,1.733649662,0.01,0,0.736676232,0.01,0,0.833436341,0.01,0,0.904615247,0.02,1,0.991181727,1,0,0,0,0,0.991181727,0.99
151896,50,5003002013,t-2,0,1.66298078,0.01,0,0.54064677,0.01,0,0.443545898,0.01,0,0.49626506,0.22,0,0.418348624,1,0,0,0,0,0,0.00
151897,50,5003002013,t-5,0,1.621756736,0.01,0,1.008875299,0.01,0,0.978677186,0.01,0,0.976901365,0.19,0,0.99806051,1,0,0,0,0,0,0.00
151898,50,5003002013,t-8,0,1.701830737,0.01,1,0.888154675,0.01,2,0.923089187,0.01,0,0.953866933,0.06,0,0.996738996,1,0,0.888154675,1.846178374,0,0,2.73
151899,50,5003002013,t-11,0,1.630250706,0.01,0,0.820635654,0.01,0,0.883219081,0.01,0,0.935847598,0.07,0,0.994493539,1,0,0,0,0,0,0.00
151900,50,5003002013,t-14,0,1.733649662,0.01,0,0.736676232,0.01,0,0.833436341,0.01,1,0.904615247,0.02,1,0.991181727,1,0,0,0,0.904615247,0.991181727,1.90
151996,50,5001003002,t-2,0,1.66298078,0.01,0,0.54064677,0.01,0,0.443545898,0.01,0,0.49626506,0.22,0,0.418348624,1,0,0,0,0,0,0.00
151997,50,5001003002,t-5,0,1.621756736,0.01,0,1.008875299,0.01,0,0.978677186,0.01,0,0.976901365,0.19,0,0.99806051,1,0,0,0,0,0,0.00
151998,50,5001003002,t-8,0,1.701830737,0.01,0,0.888154675,0.01,0,0.923089187,0.01,0,0.953866933,0.06,0,0.996738996,1,0,0,0,0,0,0.00
151999,50,5001003002,t-11,0,1.630250706,0.01,0,0.820635654,0.01,0,0.883219081,0.01,0,0.935847598,0.07,0,0.994493539,1,0,0,0,0,0,0.00
152000,50,5001003002,t-14,0,1.733649662,0.01,0,0.736676232,0.01,0,0.833436341,0.01,0,0.904615247,0.02,0,0.991181727,1,0,0,0,0,0,0.00
152786,50,5001003007,t-2,0,1.66298078,0.01,0,0.54064677,0.01,0,0.443545898,0.01,0,0.49626506,0.22,0,0.418348624,1,0,0,0,0,0,0.00
152787,50,5001003007,t-5,0,1.621756736,0.01,0,1.008875299,0.01,0,0.978677186,0.01,0,0.976901365,0.19,0,0.99806051,1,0,0,0,0,0,0.00
152788,50,5001003007,t-8,0,1.701830737,0.01,0,0.888154675,0.01,0,0.923089187,0.01,0,0.953866933,0.06,0,0.996738996,1,0,0,0,0,0,0.00
152789,50,5001003007,t-11,0,1.630250706,0.01,0,0.820635654,0.01,0,0.883219081,0.01,0,0.935847598,0.07,0,0.994493539,1,0,0,0,0,0,0.00
152790,50,5001003007,t-14,0,1.733649662,0.01,0,0.736676232,0.01,0,0.833436341,0.01,0,0.904615247,0.02,0,0.991181727,1,0,0,0,0,0,0.00